Date,Tier,OTM,ShortOTM,LongOTM,Safety,Premium,PnL,DaysHeld,Result,Risk,Side,VIX,ATR,Score,Size,Week,WeekCap,Year,Regime
2016-04-12,Cautious,650,650,850,100.0,40,16.0,5,WIN,160.0,Bull Put,16.02,53.1,0,1.5,2016_15,300.0,2016,elevated
2016-04-20,Wednesday-MW,600,600,800,100.0,50,24.0,5,WIN,150.0,Bull Put,17.08,62.0,0,0.75,2016_16,300.0,2016,elevated
2016-04-21,Normal,550,550,750,99.9,60,31.0,5,WIN,140.0,Bull Put,16.51,64.3,1,1.5,2016_16,300.0,2016,elevated
2016-04-25,Normal,550,550,750,99.9,60,31.0,5,WIN,140.0,Bull Put,16.57,64.7,0,1.5,2016_17,300.0,2016,elevated
2016-04-26,Normal,550,550,750,99.7,60,31.0,7,WIN,140.0,Bull Put,16.58,70.9,0,1.5,2016_17,300.0,2016,elevated
2016-05-02,Normal,550,550,750,99.3,60,31.0,5,WIN,140.0,Bull Put,17.09,76.7,0,1.5,2016_18,300.0,2016,elevated
2016-05-03,Cautious,650,650,850,99.7,40,16.0,5,WIN,160.0,Bull Put,17.46,82.3,1,1.5,2016_18,300.0,2016,elevated
2016-05-09,Normal,550,550,750,98.8,60,31.0,5,WIN,140.0,Bull Put,16.61,82.7,0,1.5,2016_19,300.0,2016,elevated
2016-05-10,Normal,550,550,750,99.0,60,31.0,5,WIN,140.0,Bull Put,16.42,81.0,0,1.5,2016_19,300.0,2016,elevated
2016-05-16,Normal,550,550,750,98.4,60,31.0,6,WIN,140.0,Bull Put,17.03,85.9,0,1.5,2016_20,300.0,2016,elevated
2016-05-17,Normal,550,550,750,98.5,60,31.0,6,WIN,140.0,Bull Put,16.37,85.6,0,1.5,2016_20,300.0,2016,elevated
2016-05-23,Normal,550,550,750,98.4,60,31.0,5,WIN,140.0,Bull Put,16.16,86.4,0,1.5,2016_21,300.0,2016,elevated
2016-05-24,Normal,550,550,750,98.7,60,31.0,5,WIN,140.0,Bull Put,16.22,83.5,0,1.5,2016_21,300.0,2016,elevated
2016-05-31,Normal,550,550,750,97.9,60,31.0,5,WIN,140.0,Bull Put,16.05,89.9,1,1.5,2016_22,300.0,2016,elevated
2016-06-01,Wednesday-MW,600,600,800,99.1,50,24.0,5,WIN,150.0,Bull Put,15.84,87.4,1,0.75,2016_22,420.0,2016,normal
2016-06-06,Monday-RW,600,600,800,99.5,45,20.9,6,WIN,155.0,Bull Put,15.36,81.4,0,0.75,2016_23,420.0,2016,normal
2016-06-07,Normal,550,550,750,98.9,60,31.0,6,WIN,140.0,Bull Put,14.87,81.9,1,1.5,2016_23,420.0,2016,normal
2016-06-14,Normal,550,550,750,98.9,60,31.0,5,WIN,140.0,Bull Put,17.19,81.4,1,1.5,2016_24,300.0,2016,elevated
2016-06-15,Wednesday-MW,600,600,800,99.4,50,24.0,5,WIN,150.0,Bull Put,17.06,82.9,1,0.75,2016_24,300.0,2016,elevated
2016-06-20,Normal,550,550,750,98.2,60,31.0,6,WIN,140.0,Bull Put,17.52,87.9,0,1.5,2016_25,300.0,2016,elevated
2016-06-21,Normal,550,550,750,98.5,60,31.0,6,WIN,140.0,Bull Put,17.26,85.5,0,1.5,2016_25,300.0,2016,elevated
2016-06-27,Normal,550,550,750,95.7,60,31.0,5,WIN,140.0,Bull Put,18.53,102.9,1,1.5,2016_26,300.0,2016,elevated
2016-06-28,Normal,550,550,750,96.3,60,31.0,5,WIN,140.0,Bull Put,17.73,99.4,0,1.5,2016_26,300.0,2016,elevated
2016-07-04,Monday-RW,600,600,800,98.3,45,20.9,5,WIN,155.0,Bull Put,15.58,95.0,1,0.75,2016_27,420.0,2016,normal
2016-07-05,Normal,550,550,750,97.5,60,31.0,5,WIN,140.0,Bull Put,15.36,92.5,1,1.5,2016_27,420.0,2016,normal
2016-07-12,Normal,550,550,750,98.0,60,31.0,5,WIN,140.0,Bull Put,14.78,89.1,1,1.5,2016_28,420.0,2016,normal
2016-07-13,Normal,550,550,750,98.4,60,31.0,5,WIN,140.0,Bull Put,15.33,86.2,2,1.5,2016_28,420.0,2016,normal
2016-07-18,Monday-RW,600,600,800,99.2,45,20.9,5,WIN,155.0,Bull Put,15.99,85.5,1,0.75,2016_29,420.0,2016,normal
2016-07-19,NarrowCondor,400+400,400,600,92.9,220,116.0,6,WIN,180.0,Condor,15.8,83.8,1,1.0,2016_29,420.0,2016,normal
2016-07-25,Monday-RW,600,600,800,99.4,45,20.9,5,WIN,155.0,Bull Put,15.72,82.9,1,0.75,2016_30,420.0,2016,normal
2016-07-26,Normal,550,550,750,98.9,60,31.0,5,WIN,140.0,Bull Put,15.62,81.8,0,1.5,2016_30,420.0,2016,normal
2016-08-01,Monday-RW,600,600,800,99.5,45,20.9,5,WIN,155.0,Bull Put,15.18,81.1,0,0.75,2016_31,420.0,2016,normal
2016-08-02,Normal,550,550,750,99.0,60,31.0,5,WIN,140.0,Bull Put,15.69,80.7,0,1.5,2016_31,420.0,2016,normal
2016-08-05,Near-VC,700,700,900,99.8,80,44.0,5,WIN,120.0,Bull Put,14.35,85.6,0,0.75,2016_31,420.0,2016,normal
2016-08-08,Monday-RW,600,600,800,99.4,45,20.9,6,WIN,155.0,Bull Put,14.59,82.6,0,0.75,2016_32,420.0,2016,normal
2016-08-09,NarrowCondor,400+400,400,600,93.1,220,116.0,6,WIN,180.0,Condor,14.54,83.1,0,1.0,2016_32,420.0,2016,normal
2016-08-16,NarrowCondor,400+400,400,600,92.7,220,116.0,5,WIN,180.0,Condor,14.18,84.4,0,1.0,2016_33,420.0,2016,normal
2016-08-18,Normal,550,550,750,98.9,60,31.0,6,WIN,140.0,Bull Put,14.55,81.8,0,1.5,2016_33,420.0,2016,normal
2016-08-22,Monday-RW,600,600,800,99.6,45,20.9,5,WIN,155.0,Bull Put,14.24,78.7,0,0.75,2016_34,420.0,2016,normal
2016-08-23,NarrowCondor,400+400,400,600,94.9,220,116.0,7,WIN,180.0,Condor,13.9,77.4,0,1.0,2016_34,420.0,2016,normal
2016-08-29,Monday-RW,600,600,800,99.7,45,20.9,5,WIN,155.0,Bull Put,13.17,76.4,0,0.75,2016_35,420.0,2016,normal
2016-08-30,Normal,550,550,750,99.0,60,31.0,5,WIN,140.0,Bull Put,13.02,80.3,0,1.5,2016_35,420.0,2016,normal
2016-09-06,Normal,550,550,750,98.9,60,31.0,7,WIN,140.0,Bull Put,12.75,81.2,2,1.5,2016_36,420.0,2016,normal
2016-09-07,Normal,550,550,750,99.1,60,31.0,7,WIN,140.0,Bull Put,13.15,79.4,2,1.5,2016_36,420.0,2016,normal
2016-09-14,Normal,550,550,750,98.8,60,31.0,5,WIN,140.0,Bull Put,14.76,82.7,2,1.5,2016_37,420.0,2016,normal
2016-09-15,NarrowCondor,400+400,400,600,94.1,220,116.0,6,WIN,180.0,Condor,14.68,80.1,1,1.0,2016_37,420.0,2016,normal
2016-09-19,Monday-RW,600,600,800,99.6,45,20.9,6,WIN,155.0,Bull Put,14.94,79.2,1,0.75,2016_38,420.0,2016,normal
2016-09-20,Normal,550,550,750,99.3,60,31.0,5,WIN,140.0,Bull Put,14.78,77.6,1,1.5,2016_38,420.0,2016,normal
2016-09-23,Near-VC,700,700,900,99.9,80,44.0,6,WIN,120.0,Bull Put,13.25,78.6,0,0.75,2016_38,420.0,2016,normal
2016-09-27,NarrowCondor,400+400,400,600,93.9,220,116.0,6,WIN,180.0,Condor,14.25,80.6,0,1.0,2016_39,420.0,2016,normal
2016-09-28,Wednesday-MW,600,600,800,99.6,50,24.0,5,WIN,150.0,Bull Put,13.85,79.3,0,0.75,2016_39,420.0,2016,normal
2016-10-03,VIX-Collapse,700,700,900,99.6,100,62.0,7,WIN,100.0,Bull Put,15.62,92.6,0,1.5,2016_40,420.0,2016,normal
2016-10-04,Near-VC,700,700,900,99.7,80,44.0,7,WIN,120.0,Bull Put,14.99,89.3,0,0.75,2016_40,420.0,2016,normal
2016-10-06,Cautious,650,650,850,99.4,40,16.0,6,WIN,160.0,Bull Put,14.84,89.8,0,1.5,2016_40,420.0,2016,normal
2016-10-10,Monday-RW,600,600,800,99.2,45,20.9,6,WIN,155.0,Bull Put,14.29,84.9,0,0.75,2016_41,420.0,2016,normal
2016-10-14,NarrowCondor,400+400,400,600,91.2,220,116.0,7,WIN,180.0,Condor,14.89,88.5,1,1.0,2016_41,420.0,2016,normal
2016-10-18,NarrowCondor,400+400,400,600,88.9,220,116.0,5,WIN,180.0,Condor,14.54,94.9,0,1.0,2016_42,420.0,2016,normal
2016-10-19,Wednesday-MW,600,600,800,98.6,50,24.0,5,WIN,150.0,Bull Put,14.61,92.4,0,0.75,2016_42,420.0,2016,normal
2016-10-24,Monday-RW,600,600,800,99.2,45,20.9,7,WIN,155.0,Bull Put,14.33,85.8,1,0.75,2016_43,420.0,2016,normal
2016-10-25,NarrowCondor,400+400,400,600,92.9,220,116.0,7,WIN,180.0,Condor,14.48,83.8,0,1.0,2016_43,420.0,2016,normal
2016-11-03,Bear-Call,550,550,750,98.9,60,32.0,6,WIN,140.0,Bear Call,16.47,82.2,0,1.5,2016_44,300.0,2016,elevated
2016-11-08,Bear-Call,550,550,750,98.6,60,32.0,5,WIN,140.0,Bear Call,16.77,84.4,0,1.5,2016_45,300.0,2016,elevated
2016-11-24,Bear-Call,550,550,750,91.7,60,32.0,7,WIN,140.0,Bear Call,17.16,119.7,2,1.0,2016_47,300.0,2016,elevated
2016-11-29,Normal,550,550,750,92.7,60,31.0,5,WIN,140.0,Bull Put,17.71,115.8,1,1.0,2016_48,300.0,2016,elevated
2016-11-30,Normal,550,550,750,93.1,60,31.0,6,WIN,140.0,Bull Put,16.85,114.3,2,1.0,2016_48,300.0,2016,elevated
2016-12-05,Normal,550,550,750,94.2,60,31.0,5,WIN,140.0,Bull Put,17.29,109.8,0,1.0,2016_49,300.0,2016,elevated
2016-12-06,Normal,550,550,750,95.1,60,31.0,5,WIN,140.0,Bull Put,17.11,105.4,0,1.5,2016_49,300.0,2016,elevated
2016-12-09,Near-VC,700,700,900,99.0,80,44.0,7,WIN,120.0,Bull Put,15.07,103.0,1,0.75,2016_49,420.0,2016,normal
2016-12-13,NarrowCondor,400+400,400,600,86.7,220,116.0,7,WIN,180.0,Condor,15.92,100.7,0,1.0,2016_50,420.0,2016,normal
2016-12-15,Bear-Call,550,550,750,96.5,60,32.0,5,WIN,140.0,Bear Call,15.66,98.5,0,1.5,2016_50,420.0,2016,normal
2016-12-19,Monday-RW,600,600,800,98.7,45,20.9,6,WIN,155.0,Bull Put,14.84,91.4,0,0.75,2016_51,420.0,2016,normal
2016-12-20,Bear-Call,550,550,750,98.0,60,32.0,5,WIN,140.0,Bear Call,14.54,89.3,0,1.5,2016_51,420.0,2016,normal
2016-12-27,Bear-Call,550,550,750,97.7,60,32.0,7,WIN,140.0,Bear Call,15.08,91.2,0,1.5,2016_52,420.0,2016,normal
2016-12-28,Wednesday-MW,600,600,800,98.8,50,24.0,5,WIN,150.0,Bull Put,15.54,89.9,0,0.75,2016_52,420.0,2016,normal
2017-01-02,Monday-RW,600,600,800,98.9,45,20.9,5,WIN,155.0,Bull Put,15.83,89.1,1,0.75,2017_01,420.0,2017,normal
2017-01-03,NarrowCondor,400+400,400,600,91.5,220,116.0,7,WIN,180.0,Condor,15.96,87.8,0,1.0,2017_01,420.0,2017,normal
2017-01-09,Monday-RW,600,600,800,99.5,45,20.9,5,WIN,155.0,Bull Put,15.48,79.9,0,0.75,2017_02,420.0,2017,normal
2017-01-10,NarrowCondor,400+400,400,600,94.6,220,116.0,7,WIN,180.0,Condor,15.2,78.4,0,1.0,2017_02,420.0,2017,normal
2017-01-17,Normal,550,550,750,99.4,60,31.0,5,WIN,140.0,Bull Put,15.39,74.9,1,1.5,2017_03,420.0,2017,normal
2017-01-18,Wednesday-MW,600,600,800,99.8,50,24.0,5,WIN,150.0,Bull Put,15.18,74.6,1,0.75,2017_03,420.0,2017,normal
2017-01-23,Monday-RW,600,600,800,99.8,45,20.9,5,WIN,155.0,Bull Put,15.91,73.7,0,0.75,2017_04,420.0,2017,normal
2017-01-24,Normal,550,550,750,99.5,60,31.0,5,WIN,140.0,Bull Put,15.29,74.3,0,1.5,2017_04,420.0,2017,normal
2017-01-31,Normal,550,550,750,99.4,60,31.0,5,WIN,140.0,Bull Put,16.83,76.4,0,1.5,2017_05,300.0,2017,elevated
2017-02-01,VIX-Collapse,700,700,900,99.8,100,62.0,5,WIN,100.0,Bull Put,13.97,84.1,1,1.5,2017_05,420.0,2017,normal
2017-02-02,VIX-Collapse,700,700,900,99.9,100,62.0,5,WIN,100.0,Bull Put,13.52,83.2,0,1.5,2017_05,420.0,2017,normal
2017-02-06,Monday-RW,600,600,800,99.6,45,20.9,5,WIN,155.0,Bull Put,13.4,79.8,0,0.75,2017_06,420.0,2017,normal
2017-02-07,Normal,550,550,750,99.2,60,31.0,5,WIN,140.0,Bull Put,13.51,78.8,1,1.5,2017_06,420.0,2017,normal
2017-02-13,Monday-RW,600,600,800,99.7,45,20.9,5,WIN,155.0,Bull Put,13.69,77.4,0,0.75,2017_07,420.0,2017,normal
2017-02-14,NarrowCondor,400+400,400,600,95.5,220,116.0,7,WIN,180.0,Condor,13.8,75.3,0,1.5,2017_07,420.0,2017,normal
2017-02-20,Monday-RW,600,600,800,99.6,45,20.9,5,WIN,155.0,Bull Put,13.61,77.9,0,0.75,2017_08,420.0,2017,normal
2017-02-21,Normal,550,550,750,99.3,60,31.0,5,WIN,140.0,Bull Put,13.53,76.6,0,1.5,2017_08,420.0,2017,normal
2017-02-27,Monday-RW,600,600,800,99.8,45,20.9,5,WIN,155.0,Bull Put,13.68,72.8,0,0.75,2017_09,420.0,2017,normal
2017-02-28,NarrowCondor,400+400,400,600,96.7,220,116.0,6,WIN,180.0,Condor,13.79,71.0,0,1.5,2017_09,420.0,2017,normal
2017-03-06,Monday-RW,600,600,800,99.8,45,20.9,5,WIN,155.0,Bull Put,13.64,72.3,0,0.75,2017_10,420.0,2017,normal
2017-03-07,Normal,550,550,750,99.7,60,31.0,5,WIN,140.0,Bull Put,13.88,70.4,0,1.5,2017_10,420.0,2017,normal
2017-03-15,Near-VC,700,700,900,100.0,80,44.0,6,WIN,120.0,Bull Put,12.42,73.5,0,0.75,2017_11,420.0,2017,normal
2017-03-16,Thursday-EXP,550,550,750,100.0,35,12.5,1,WIN,165.0,Bull Put,11.91,73.6,1,0.75,2017_11,420.0,2017,ultra-calm
2017-03-20,Monday-RW,600,600,800,99.8,45,20.9,6,WIN,155.0,Bull Put,12.02,71.5,1,0.75,2017_12,420.0,2017,normal
2017-03-21,Aggressive,450,450,650,98.4,100,65.0,6,WIN,100.0,Bull Put,11.94,70.7,0,1.5,2017_12,600.0,2017,ultra-calm
2017-03-23,Thursday-EXP,550,550,750,100.0,35,12.5,1,WIN,165.0,Bull Put,11.84,73.1,0,0.75,2017_12,600.0,2017,ultra-calm
2017-03-24,NarrowCondor,400+400,400,600,96.5,220,116.0,7,WIN,180.0,Condor,11.98,71.6,0,1.5,2017_12,600.0,2017,ultra-calm
2017-03-27,Monday-RW,600,600,800,99.8,45,20.9,5,WIN,155.0,Bull Put,12.44,71.9,0,0.75,2017_13,420.0,2017,normal
2017-03-28,NarrowCondor,400+400,400,600,96.7,220,116.0,7,WIN,180.0,Condor,12.12,70.8,0,1.5,2017_13,420.0,2017,normal
2017-04-03,Monday-RW,600,600,800,99.9,45,20.9,5,WIN,155.0,Bull Put,11.49,65.7,1,0.75,2017_14,420.0,2017,ultra-calm
2017-04-05,Butterfly,±200,200,500,83.0,180,156.0,4,WIN,40.0,Butterfly,11.55,65.2,0,0.75,2017_14,600.0,2017,ultra-calm
2017-04-06,Thursday-EXP,550,550,750,100.0,35,12.5,1,WIN,165.0,Bull Put,11.29,64.0,0,0.75,2017_14,600.0,2017,ultra-calm
2017-04-07,Friday-SNP,600,600,800,100.0,42,16.4,4,WIN,158.0,Bull Put,11.69,64.3,0,0.75,2017_14,600.0,2017,ultra-calm
2017-04-10,Butterfly,±200,200,500,84.2,180,156.0,4,WIN,40.0,Butterfly,11.62,63.3,0,0.75,2017_15,600.0,2017,ultra-calm
2017-04-11,NarrowCondor,400+400,400,600,98.2,220,116.0,6,WIN,180.0,Condor,11.4,63.7,0,1.5,2017_15,600.0,2017,ultra-calm
2017-04-12,Wednesday-MW,600,600,800,100.0,50,24.0,6,WIN,150.0,Bull Put,11.63,65.1,0,0.75,2017_15,600.0,2017,ultra-calm
2017-04-13,Thursday-EXP,550,550,750,100.0,35,12.5,1,WIN,165.0,Bull Put,11.58,64.6,0,0.75,2017_15,600.0,2017,ultra-calm
2017-04-17,Butterfly,±200,200,500,84.6,180,156.0,3,WIN,40.0,Butterfly,11.89,62.8,0,0.75,2017_16,600.0,2017,ultra-calm
2017-04-19,Wednesday-MW,600,600,800,99.9,50,24.0,5,WIN,150.0,Bull Put,12.22,65.5,0,0.75,2017_16,420.0,2017,normal
2017-04-20,Thursday-EXP,550,550,750,100.0,35,12.5,1,WIN,165.0,Bull Put,11.56,63.4,0,0.75,2017_16,600.0,2017,ultra-calm
2017-04-21,Friday-SNP,600,600,800,100.0,42,16.4,4,WIN,158.0,Bull Put,11.42,65.6,0,0.75,2017_16,600.0,2017,ultra-calm
2017-04-24,Butterfly,±200,200,500,80.8,180,156.0,5,WIN,40.0,Butterfly,11.63,68.5,0,0.75,2017_17,600.0,2017,ultra-calm
2017-04-27,Thursday-EXP,550,550,750,100.0,35,12.5,1,WIN,165.0,Bull Put,11.07,72.1,1,0.75,2017_17,420.0,2017,ultra-calm
2017-04-28,Friday-SNP,600,600,800,99.9,42,16.4,4,WIN,158.0,Bull Put,10.86,71.2,0,0.75,2017_17,600.0,2017,ultra-calm
2017-05-03,Wednesday-MW,600,600,800,99.9,50,24.0,5,WIN,150.0,Bull Put,11.53,70.1,0,0.75,2017_18,600.0,2017,ultra-calm
2017-05-04,Butterfly,±200,200,500,80.2,180,156.0,4,WIN,40.0,Butterfly,11.33,69.5,0,0.75,2017_18,600.0,2017,ultra-calm
2017-05-08,Monday-RW,600,600,800,99.9,45,20.9,5,WIN,155.0,Bull Put,11.67,71.1,0,0.75,2017_19,600.0,2017,ultra-calm
2017-05-09,NarrowCondor,400+400,400,600,97.3,220,116.0,7,WIN,180.0,Condor,11.11,68.2,1,1.5,2017_19,420.0,2017,ultra-calm
2017-05-15,Monday-RW,600,600,800,99.9,45,20.9,5,WIN,155.0,Bull Put,10.68,65.8,1,0.75,2017_20,420.0,2017,ultra-calm
2017-05-16,Normal,550,550,750,99.8,60,31.0,6,WIN,140.0,Bull Put,10.56,66.2,2,1.5,2017_20,420.0,2017,ultra-calm
2017-05-19,NarrowCondor,400+400,400,600,96.8,220,116.0,7,WIN,180.0,Condor,11.3,70.4,0,1.5,2017_20,600.0,2017,ultra-calm
2017-05-22,Monday-RW,600,600,800,99.9,45,20.9,5,WIN,155.0,Bull Put,11.2,70.5,0,0.75,2017_21,600.0,2017,ultra-calm
2017-05-24,Wednesday-MW,600,600,800,99.8,50,24.0,5,WIN,150.0,Bull Put,11.83,72.3,0,0.75,2017_21,600.0,2017,ultra-calm
2017-05-25,Near-VC,700,700,900,99.9,80,44.0,5,WIN,120.0,Bull Put,10.45,78.1,0,0.75,2017_21,600.0,2017,ultra-calm
2017-05-26,Friday-SNP,600,600,800,99.8,42,16.4,4,WIN,158.0,Bull Put,10.86,80.2,0,0.75,2017_21,600.0,2017,ultra-calm
2017-05-30,Normal,550,550,750,99.2,60,31.0,5,WIN,140.0,Bull Put,11.77,78.8,1,1.5,2017_22,420.0,2017,ultra-calm
2017-05-31,Wednesday-MW,600,600,800,99.7,50,24.0,5,WIN,150.0,Bull Put,11.76,76.0,1,0.75,2017_22,420.0,2017,ultra-calm
2017-06-01,Thursday-EXP,550,550,750,100.0,35,12.5,1,WIN,165.0,Bull Put,11.31,73.8,0,0.75,2017_22,600.0,2017,ultra-calm
2017-06-05,Monday-RW,600,600,800,99.9,45,20.9,6,WIN,155.0,Bull Put,11.02,70.6,0,0.75,2017_23,600.0,2017,ultra-calm
2017-06-06,NarrowCondor,400+400,400,600,96.7,220,116.0,5,WIN,180.0,Condor,11.13,71.0,0,1.5,2017_23,600.0,2017,ultra-calm
2017-06-07,Butterfly,±200,200,500,80.3,180,156.0,5,WIN,40.0,Butterfly,10.89,69.3,0,0.75,2017_23,600.0,2017,ultra-calm
2017-06-08,Thursday-EXP,550,550,750,100.0,35,12.5,1,WIN,165.0,Bull Put,11.07,67.6,0,0.75,2017_23,600.0,2017,ultra-calm
2017-06-13,Butterfly,±200,200,500,81.8,180,156.0,3,WIN,40.0,Butterfly,11.34,67.0,0,0.75,2017_24,600.0,2017,ultra-calm
2017-06-14,Wednesday-MW,600,600,800,99.9,50,24.0,5,WIN,150.0,Bull Put,11.18,65.3,0,0.75,2017_24,600.0,2017,ultra-calm
2017-06-15,Thursday-EXP,550,550,750,100.0,35,12.5,1,WIN,165.0,Bull Put,11.33,64.7,0,0.75,2017_24,600.0,2017,ultra-calm
2017-06-16,Friday-SNP,600,600,800,100.0,42,16.4,4,WIN,158.0,Bull Put,10.92,63.7,0,0.75,2017_24,600.0,2017,ultra-calm
2017-06-19,Butterfly,±200,200,500,82.5,180,156.0,5,WIN,40.0,Butterfly,10.63,65.9,0,0.75,2017_25,600.0,2017,ultra-calm
2017-06-20,Aggressive,450,450,650,99.3,100,65.0,7,WIN,100.0,Bull Put,10.66,63.5,0,1.5,2017_25,600.0,2017,ultra-calm
2017-06-21,Wednesday-MW,600,600,800,100.0,50,24.0,6,WIN,150.0,Bull Put,10.92,61.9,0,0.75,2017_25,600.0,2017,ultra-calm
2017-06-22,Thursday-EXP,550,550,750,100.0,35,12.5,1,WIN,165.0,Bull Put,11.21,63.2,0,0.75,2017_25,600.0,2017,ultra-calm
2017-06-28,Butterfly,±200,200,500,80.9,180,220.8,3,WIN,40.0,Butterfly,11.99,68.5,0,0.75,2017_26,600.0,2017,ultra-calm
2017-06-29,Thursday-EXP,550,550,750,100.0,35,12.5,1,WIN,165.0,Bull Put,11.38,69.5,0,0.75,2017_26,600.0,2017,ultra-calm
2017-06-30,Friday-SNP,600,600,800,99.9,42,16.4,4,WIN,158.0,Bull Put,11.73,70.7,0,0.75,2017_26,600.0,2017,ultra-calm
2017-07-03,Monday-RW,600,600,800,99.8,45,20.9,5,WIN,155.0,Bull Put,11.2,72.7,0,0.75,2017_27,600.0,2017,ultra-calm
2017-07-04,Aggressive,450,450,650,98.3,100,65.0,5,WIN,100.0,Bull Put,11.28,71.4,0,1.5,2017_27,600.0,2017,ultra-calm
2017-07-05,Butterfly,±200,200,500,80.6,180,220.8,3,WIN,40.0,Butterfly,11.15,68.8,0,0.75,2017_27,600.0,2017,ultra-calm
2017-07-06,Thursday-EXP,550,550,750,100.0,35,12.5,1,WIN,165.0,Bull Put,10.98,68.3,0,0.75,2017_27,600.0,2017,ultra-calm
2017-07-10,Monday-RW,600,600,800,99.9,45,20.9,5,WIN,155.0,Bull Put,10.91,69.9,0,0.75,2017_28,600.0,2017,ultra-calm
2017-07-11,Normal,550,550,750,99.7,60,31.0,5,WIN,140.0,Bull Put,10.89,69.8,1,1.5,2017_28,420.0,2017,ultra-calm
2017-07-17,Monday-RW,600,600,800,99.9,45,20.9,5,WIN,155.0,Bull Put,11.46,66.1,1,0.75,2017_29,420.0,2017,ultra-calm
2017-07-19,Wednesday-MW,600,600,800,99.9,50,24.0,5,WIN,150.0,Bull Put,11.26,69.0,1,0.75,2017_29,420.0,2017,ultra-calm
2017-07-24,Monday-RW,600,600,800,99.9,45,20.9,5,WIN,155.0,Bull Put,11.31,69.4,1,0.75,2017_30,420.0,2017,ultra-calm
2017-07-25,Normal,550,550,750,99.7,60,31.0,5,WIN,140.0,Bull Put,10.91,68.8,1,1.5,2017_30,420.0,2017,ultra-calm
2017-08-01,Aggressive,450,450,650,98.2,100,65.0,7,WIN,100.0,Bull Put,11.91,71.9,0,1.5,2017_31,600.0,2017,ultra-calm
2017-08-02,Wednesday-MW,600,600,800,99.8,50,24.0,7,WIN,150.0,Bull Put,11.94,72.6,0,0.75,2017_31,600.0,2017,ultra-calm
2017-08-03,Thursday-EXP,550,550,750,100.0,35,12.5,1,WIN,165.0,Bull Put,11.64,73.3,0,0.75,2017_31,600.0,2017,ultra-calm
2017-08-07,Monday-RW,600,600,800,99.8,45,20.9,7,WIN,155.0,Bull Put,11.9,74.1,0,0.75,2017_32,600.0,2017,ultra-calm
2017-08-10,NarrowCondor,400+400,400,600,93.5,220,116.0,5,WIN,180.0,Condor,13.8,82.0,1,1.0,2017_32,420.0,2017,normal
2017-08-14,NarrowCondor,400+400,400,600,91.0,220,116.0,5,WIN,180.0,Condor,14.38,89.1,1,1.0,2017_33,420.0,2017,normal
2017-08-16,Cautious,650,650,850,99.2,40,16.0,5,WIN,160.0,Bull Put,14.24,91.9,0,1.5,2017_33,420.0,2017,normal
2017-08-21,NarrowCondor,400+400,400,600,88.6,220,116.0,5,WIN,180.0,Condor,14.82,95.8,0,1.0,2017_34,420.0,2017,normal
2017-08-22,Normal,550,550,750,97.2,60,31.0,5,WIN,140.0,Bull Put,14.11,94.4,0,1.5,2017_34,420.0,2017,normal
2017-08-28,Monday-RW,600,600,800,99.1,45,20.9,5,WIN,155.0,Bull Put,12.64,87.2,0,0.75,2017_35,420.0,2017,normal
2017-08-30,Wednesday-MW,600,600,800,98.6,50,24.0,5,WIN,150.0,Bull Put,12.89,92.0,0,0.75,2017_35,420.0,2017,normal
2017-08-31,Near-VC,700,700,900,99.7,80,44.0,5,WIN,120.0,Bull Put,11.95,90.2,0,0.75,2017_35,600.0,2017,ultra-calm
2017-09-01,Friday-SNP,600,600,800,99.4,42,16.4,4,WIN,158.0,Bull Put,11.68,89.0,0,0.75,2017_35,600.0,2017,ultra-calm
2017-09-05,Normal,550,550,750,98.0,60,31.0,5,WIN,140.0,Bull Put,12.89,89.3,0,1.5,2017_36,420.0,2017,normal
2017-09-06,Wednesday-MW,600,600,800,99.0,50,24.0,5,WIN,150.0,Bull Put,13.12,87.5,0,0.75,2017_36,420.0,2017,normal
2017-09-11,Monday-RW,600,600,800,99.3,45,20.9,5,WIN,155.0,Bull Put,12.36,83.8,0,0.75,2017_37,420.0,2017,normal
2017-09-12,Aggressive,450,450,650,95.6,100,65.0,5,WIN,100.0,Bull Put,11.76,84.4,0,1.5,2017_37,600.0,2017,ultra-calm
2017-09-13,Wednesday-MW,600,600,800,99.4,50,24.0,5,WIN,150.0,Bull Put,11.76,83.2,0,0.75,2017_37,600.0,2017,ultra-calm
2017-09-14,Thursday-EXP,550,550,750,100.0,35,12.5,1,WIN,165.0,Bull Put,11.47,81.2,0,0.75,2017_37,600.0,2017,ultra-calm
2017-09-18,Monday-RW,600,600,800,99.5,45,20.9,7,WIN,155.0,Bull Put,11.44,80.9,0,0.75,2017_38,600.0,2017,ultra-calm
2017-09-19,Aggressive,450,450,650,97.0,100,65.0,7,WIN,100.0,Bull Put,11.47,78.6,0,1.5,2017_38,600.0,2017,ultra-calm
2017-09-20,Wednesday-MW,600,600,800,99.7,50,24.0,7,WIN,150.0,Bull Put,11.63,75.5,0,0.75,2017_38,600.0,2017,ultra-calm
2017-09-21,Thursday-EXP,550,550,750,100.0,35,12.5,1,WIN,165.0,Bull Put,11.63,77.3,0,0.75,2017_38,600.0,2017,ultra-calm
2017-09-26,NarrowCondor,400+400,400,600,91.5,220,116.0,6,WIN,180.0,Condor,12.93,87.7,1,1.0,2017_39,420.0,2017,normal
2017-09-28,Normal,550,550,750,96.9,60,31.0,5,WIN,140.0,Bull Put,13.17,96.3,2,1.5,2017_39,420.0,2017,normal
2017-10-04,Wednesday-MW,600,600,800,98.1,50,24.0,5,WIN,150.0,Bull Put,11.8,96.4,1,0.75,2017_40,420.0,2017,ultra-calm
2017-10-05,Thursday-EXP,550,550,750,100.0,35,12.5,1,WIN,165.0,Bull Put,11.71,94.1,1,0.75,2017_40,420.0,2017,ultra-calm
2017-10-09,Monday-RW,600,600,800,98.6,45,20.9,5,WIN,155.0,Bull Put,11.39,91.9,1,0.75,2017_41,420.0,2017,ultra-calm
2017-10-10,Aggressive,450,450,650,94.5,100,65.0,5,WIN,100.0,Bull Put,11.11,88.6,0,1.0,2017_41,600.0,2017,ultra-calm
2017-10-12,Thursday-EXP,550,550,750,100.0,35,12.5,1,WIN,165.0,Bull Put,11.04,93.4,1,0.75,2017_41,420.0,2017,ultra-calm
2017-10-16,Monday-RW,600,600,800,98.6,45,20.9,5,WIN,155.0,Bull Put,11.31,92.5,1,0.75,2017_42,420.0,2017,ultra-calm
2017-10-17,Normal,550,550,750,98.1,60,31.0,5,WIN,140.0,Bull Put,11.61,88.7,2,1.5,2017_42,420.0,2017,ultra-calm
2017-10-23,Monday-RW,600,600,800,99.0,45,20.9,5,WIN,155.0,Bull Put,12.33,87.9,0,0.75,2017_43,420.0,2017,normal
2017-10-24,NarrowCondor,400+400,400,600,92.3,220,116.0,7,WIN,180.0,Condor,11.59,85.6,1,1.0,2017_43,420.0,2017,ultra-calm
2017-10-27,Friday-SNP,600,600,800,99.6,42,16.4,4,WIN,158.0,Bull Put,11.48,85.5,0,0.75,2017_43,600.0,2017,ultra-calm
2017-10-31,Normal,550,550,750,99.0,60,31.0,5,WIN,140.0,Bull Put,12.44,81.0,0,1.5,2017_44,420.0,2017,normal
2017-11-01,Wednesday-MW,600,600,800,99.4,50,24.0,6,WIN,150.0,Bull Put,12.14,83.2,0,0.75,2017_44,420.0,2017,normal
2017-11-07,NarrowCondor,400+400,400,600,93.1,220,116.0,7,WIN,180.0,Condor,13.24,83.1,0,1.0,2017_45,420.0,2017,normal
2017-11-08,Wednesday-MW,600,600,800,99.3,50,24.0,6,WIN,150.0,Bull Put,13.61,84.1,0,0.75,2017_45,420.0,2017,normal
2017-11-15,Wednesday-MW,600,600,800,98.8,50,24.0,5,WIN,150.0,Bull Put,14.27,90.7,1,0.75,2017_46,420.0,2017,normal
2017-11-16,Thursday-EXP,550,550,750,100.0,35,12.5,1,WIN,165.0,Bull Put,13.46,91.5,0,0.75,2017_46,420.0,2017,normal
2017-11-20,Monday-RW,600,600,800,98.8,45,20.9,5,WIN,155.0,Bull Put,13.43,89.7,0,0.75,2017_47,420.0,2017,normal
2017-11-21,Normal,550,550,750,98.2,60,31.0,5,WIN,140.0,Bull Put,13.72,87.7,0,1.5,2017_47,420.0,2017,normal
2017-11-27,Monday-RW,600,600,800,99.5,45,20.9,7,WIN,155.0,Bull Put,13.03,81.0,0,0.75,2017_48,420.0,2017,normal
2017-11-28,NarrowCondor,400+400,400,600,94.4,220,144.7,5,WIN,180.0,Condor,13.15,79.1,0,1.0,2017_48,420.0,2017,normal
2017-12-04,Monday-RW,600,600,800,99.1,45,20.9,5,WIN,155.0,Bull Put,14.86,86.5,1,0.75,2017_49,420.0,2017,normal
2017-12-05,NarrowCondor,400+400,400,600,92.2,220,116.0,6,WIN,180.0,Condor,15.01,85.8,1,1.0,2017_49,420.0,2017,normal
2017-12-11,Monday-RW,600,600,800,99.0,45,20.9,5,WIN,155.0,Bull Put,14.15,88.5,0,0.75,2017_50,420.0,2017,normal
2017-12-18,VIX-Collapse,700,700,900,97.8,100,62.0,5,WIN,100.0,Bull Put,13.12,115.5,0,1.5,2017_51,420.0,2017,normal
2017-12-19,VIX-Collapse,700,700,900,98.1,100,62.0,5,WIN,100.0,Bull Put,12.19,112.9,1,1.5,2017_51,420.0,2017,normal
2017-12-20,Cautious,650,650,850,97.6,40,16.0,5,WIN,160.0,Bull Put,12.19,108.9,2,1.5,2017_51,420.0,2017,normal
2017-12-26,Normal,550,550,750,96.3,60,31.0,6,WIN,140.0,Bull Put,12.05,99.5,1,1.5,2017_52,420.0,2017,normal
2017-12-27,Wednesday-MW,600,600,800,97.9,50,24.0,5,WIN,150.0,Bull Put,12.49,98.3,1,0.75,2017_52,420.0,2017,normal
2018-01-02,NarrowCondor,400+400,400,600,88.6,220,116.0,7,WIN,180.0,Condor,13.69,95.7,0,1.0,2018_01,420.0,2018,normal
2018-01-03,Wednesday-MW,600,600,800,98.4,50,24.0,5,WIN,150.0,Bull Put,13.62,94.1,0,0.75,2018_01,420.0,2018,normal
2018-01-09,Normal,550,550,750,98.4,60,31.0,5,WIN,140.0,Bull Put,13.85,86.3,0,1.5,2018_02,420.0,2018,normal
2018-01-10,Wednesday-MW,600,600,800,99.3,50,24.0,5,WIN,150.0,Bull Put,14.04,84.6,0,0.75,2018_02,420.0,2018,normal
2018-01-16,Normal,550,550,750,98.6,60,31.0,5,WIN,140.0,Bull Put,14.09,84.5,0,1.5,2018_03,420.0,2018,normal
2018-01-17,Wednesday-MW,600,600,800,99.0,50,24.0,5,WIN,150.0,Bull Put,13.86,88.0,0,0.75,2018_03,420.0,2018,normal
2018-01-25,Cautious,650,650,850,99.3,40,16.0,7,WIN,160.0,Bull Put,17.51,91.4,2,1.5,2018_04,300.0,2018,elevated
2018-01-29,Cautious,650,650,850,99.2,40,-168.0,7,LOSS,160.0,Bull Put,17.89,92.5,2,1.5,2018_05,300.0,2018,elevated
2018-02-08,Near-VC,700,700,900,93.6,80,44.0,7,WIN,120.0,Bull Put,17.77,142.8,2,0.75,2018_06,300.0,2018,elevated
2018-02-12,Normal,550,550,750,85.8,60,31.0,6,WIN,140.0,Bull Put,17.88,141.5,2,1.0,2018_07,300.0,2018,elevated
2018-02-14,Near-VC,700,700,900,94.0,80,44.0,6,WIN,120.0,Bull Put,17.18,140.7,2,0.75,2018_07,300.0,2018,elevated
2018-02-19,CONDOR,500+450,500,700,80.0,160,81.0,6,WIN,280.0,Condor,16.67,147.4,2,0.75,2018_08,300.0,2018,elevated
2018-02-23,VIX-Collapse,700,700,900,94.9,100,62.0,7,WIN,100.0,Bull Put,14.2,135.5,1,1.0,2018_08,420.0,2018,normal
2018-02-26,Near-VC,700,700,900,95.3,80,44.0,7,WIN,120.0,Bull Put,13.7,133.0,0,0.75,2018_09,420.0,2018,normal
2018-02-27,CONDOR,450+450,450,650,80.9,160,81.0,7,WIN,280.0,Condor,13.92,130.2,0,0.75,2018_09,420.0,2018,normal
2018-03-07,Wednesday-MW,600,600,800,92.2,50,24.0,5,WIN,150.0,Bull Put,15.7,128.9,1,0.75,2018_10,420.0,2018,normal
2018-03-08,Near-VC,700,700,900,96.1,80,44.0,5,WIN,120.0,Bull Put,14.59,128.5,1,0.75,2018_10,420.0,2018,normal
2018-03-09,Bear-Call,550,550,750,90.3,60,32.0,5,WIN,140.0,Bear Call,14.53,125.3,1,1.0,2018_10,420.0,2018,normal
2018-03-12,Monday-RW,600,600,800,91.7,45,20.9,7,WIN,155.0,Bull Put,14.49,130.9,0,0.75,2018_11,420.0,2018,normal
2018-03-14,Wednesday-MW,600,600,800,92.8,50,36.5,3,WIN,150.0,Bull Put,14.36,125.9,1,0.75,2018_11,420.0,2018,normal
2018-03-19,Monday-RW,600,600,800,92.5,45,20.9,5,WIN,155.0,Bull Put,15.82,127.2,1,0.75,2018_12,420.0,2018,normal
2018-03-20,Bear-Call,550,550,750,90.2,60,32.0,6,WIN,140.0,Bear Call,15.61,125.6,1,1.0,2018_12,420.0,2018,normal
2018-03-26,Monday-RW,600,600,800,92.3,45,20.9,5,WIN,155.0,Bull Put,15.2,128.4,0,0.75,2018_13,420.0,2018,normal
2018-03-28,Wednesday-MW,600,600,800,93.8,50,24.0,5,WIN,150.0,Bull Put,15.76,121.3,0,0.75,2018_13,420.0,2018,normal
2018-04-02,Monday-RW,600,600,800,94.2,45,20.9,5,WIN,155.0,Bull Put,15.35,119.7,1,0.75,2018_14,420.0,2018,normal
2018-04-03,NarrowCondor,400+400,400,600,80.3,220,116.0,7,WIN,180.0,Condor,15.19,117.1,1,0.75,2018_14,420.0,2018,normal
2018-04-09,Monday-RW,600,600,800,94.3,45,20.9,5,WIN,155.0,Bull Put,14.87,119.1,1,0.75,2018_15,420.0,2018,normal
2018-04-10,NarrowCondor,400+400,400,600,81.4,220,116.0,7,WIN,180.0,Condor,14.5,114.3,0,0.75,2018_15,420.0,2018,normal
2018-04-17,NarrowCondor,400+400,400,600,85.0,220,116.0,6,WIN,180.0,Condor,14.04,105.1,0,0.75,2018_16,420.0,2018,normal
2018-04-18,Wednesday-MW,600,600,800,97.2,50,24.0,5,WIN,150.0,Bull Put,14.11,103.5,0,0.75,2018_16,420.0,2018,normal
2018-04-23,Monday-RW,600,600,800,98.3,45,20.9,5,WIN,155.0,Bull Put,13.15,94.8,1,0.75,2018_17,420.0,2018,normal
2018-04-24,Aggressive,450,450,650,93.3,100,65.0,5,WIN,100.0,Bull Put,11.9,92.9,0,1.0,2018_17,600.0,2018,ultra-calm
2018-04-26,Thursday-EXP,550,550,750,100.0,35,12.5,1,WIN,165.0,Bull Put,12.04,90.5,0,0.75,2018_17,420.0,2018,normal
2018-04-30,Monday-RW,600,600,800,98.9,45,20.9,5,WIN,155.0,Bull Put,12.36,89.5,0,0.75,2018_18,420.0,2018,normal
2018-05-02,Wednesday-MW,600,600,800,98.8,50,24.0,5,WIN,150.0,Bull Put,12.84,89.8,0,0.75,2018_18,420.0,2018,normal
2018-05-07,Monday-RW,600,600,800,98.8,45,20.9,5,WIN,155.0,Bull Put,13.76,90.7,0,0.75,2018_19,420.0,2018,normal
2018-05-08,NarrowCondor,400+400,400,600,91.0,220,116.0,6,WIN,180.0,Condor,14.06,89.1,0,1.0,2018_19,420.0,2018,normal
2018-05-14,Monday-RW,600,600,800,99.1,45,20.9,7,WIN,155.0,Bull Put,14.25,86.4,0,0.75,2018_20,420.0,2018,normal
2018-05-15,Normal,550,550,750,97.8,60,31.0,7,WIN,140.0,Bull Put,13.17,90.8,0,1.5,2018_20,420.0,2018,normal
2018-05-21,Monday-RW,600,600,800,98.4,45,20.9,5,WIN,155.0,Bull Put,14.41,94.3,1,0.75,2018_21,420.0,2018,normal
2018-05-22,NarrowCondor,400+400,400,600,89.8,220,116.0,6,WIN,180.0,Condor,13.6,92.4,1,1.0,2018_21,420.0,2018,normal
2018-05-28,Monday-RW,600,600,800,98.1,45,20.9,6,WIN,155.0,Bull Put,13.06,96.8,0,0.75,2018_22,420.0,2018,normal
2018-05-29,Normal,550,550,750,96.8,60,31.0,5,WIN,140.0,Bull Put,13.07,97.1,0,1.5,2018_22,420.0,2018,normal
2018-06-04,Monday-RW,600,600,800,97.3,45,20.9,5,WIN,155.0,Bull Put,13.88,102.6,0,0.75,2018_23,420.0,2018,normal
2018-06-05,NarrowCondor,400+400,400,600,86.6,220,116.0,7,WIN,180.0,Condor,13.32,101.0,0,1.0,2018_23,420.0,2018,normal
2018-06-11,Monday-RW,600,600,800,97.6,45,20.9,5,WIN,155.0,Bull Put,13.18,100.5,0,0.75,2018_24,420.0,2018,normal
2018-06-12,Normal,550,550,750,96.5,60,31.0,6,WIN,140.0,Bull Put,12.73,98.7,1,1.5,2018_24,420.0,2018,normal
2018-06-18,Monday-RW,600,600,800,98.9,45,20.9,5,WIN,155.0,Bull Put,12.38,89.5,0,0.75,2018_25,420.0,2018,normal
2018-06-20,Wednesday-MW,600,600,800,99.0,50,24.0,7,WIN,150.0,Bull Put,12.17,88.4,0,0.75,2018_25,420.0,2018,normal
2018-06-26,NarrowCondor,400+400,400,600,91.2,220,116.0,6,WIN,180.0,Condor,12.8,88.5,0,1.0,2018_26,420.0,2018,normal
2018-06-28,Thursday-EXP,550,550,750,100.0,35,12.5,1,WIN,165.0,Bull Put,13.95,93.4,0,0.75,2018_26,420.0,2018,normal
2018-07-02,Monday-RW,600,600,800,97.9,45,20.9,5,WIN,155.0,Bull Put,13.37,98.3,0,0.75,2018_27,420.0,2018,normal
2018-07-03,NarrowCondor,400+400,400,600,88.0,220,116.0,7,WIN,180.0,Condor,13.0,97.2,0,1.0,2018_27,420.0,2018,normal
2018-07-09,Monday-RW,600,600,800,98.5,45,20.9,5,WIN,155.0,Bull Put,12.39,93.1,0,0.75,2018_28,420.0,2018,normal
2018-07-10,Normal,550,550,750,97.3,60,31.0,5,WIN,140.0,Bull Put,12.4,94.0,1,1.5,2018_28,420.0,2018,normal
2018-07-17,Normal,550,550,750,97.5,60,31.0,5,WIN,140.0,Bull Put,12.83,92.7,1,1.5,2018_29,420.0,2018,normal
2018-07-19,Thursday-EXP,550,550,750,100.0,35,12.5,1,WIN,165.0,Bull Put,13.59,92.8,1,0.75,2018_29,420.0,2018,normal
2018-07-23,Monday-RW,600,600,800,98.7,45,20.9,5,WIN,155.0,Bull Put,13.01,91.3,1,0.75,2018_30,420.0,2018,normal
2018-07-24,Normal,550,550,750,98.0,60,31.0,5,WIN,140.0,Bull Put,12.47,89.4,1,1.5,2018_30,420.0,2018,normal
2018-07-30,Normal,550,550,750,98.7,60,31.0,5,WIN,140.0,Bull Put,12.59,83.9,2,1.5,2018_31,420.0,2018,normal
2018-07-31,Normal,550,550,750,98.6,60,31.0,5,WIN,140.0,Bull Put,12.48,84.9,2,1.5,2018_31,420.0,2018,normal
2018-08-06,Monday-RW,600,600,800,99.1,45,20.9,5,WIN,155.0,Bull Put,12.56,86.5,0,0.75,2018_32,420.0,2018,normal
2018-08-07,NarrowCondor,400+400,400,600,92.4,220,116.0,5,WIN,180.0,Condor,12.58,85.2,0,1.0,2018_32,420.0,2018,normal
2018-08-14,NarrowCondor,400+400,400,600,93.9,220,116.0,7,WIN,180.0,Condor,13.28,80.6,0,1.0,2018_33,420.0,2018,normal
2018-08-16,Thursday-EXP,550,550,750,100.0,35,12.5,1,WIN,165.0,Bull Put,13.65,80.8,0,0.75,2018_33,420.0,2018,normal
2018-08-20,Monday-RW,600,600,800,99.4,45,20.9,5,WIN,155.0,Bull Put,13.03,83.1,0,0.75,2018_34,420.0,2018,normal
2018-08-21,Normal,550,550,750,99.1,60,31.0,5,WIN,140.0,Bull Put,12.9,80.1,0,1.5,2018_34,420.0,2018,normal
2018-08-27,Monday-RW,600,600,800,99.3,45,20.9,7,WIN,155.0,Bull Put,12.24,83.8,1,0.75,2018_35,420.0,2018,normal
2018-08-28,Normal,550,550,750,98.8,60,31.0,7,WIN,140.0,Bull Put,12.43,82.3,0,1.5,2018_35,420.0,2018,normal
2018-09-04,NarrowCondor,400+400,400,600,91.1,220,116.0,6,WIN,180.0,Condor,13.78,89.0,0,1.0,2018_36,420.0,2018,normal
2018-09-05,Wednesday-MW,600,600,800,98.5,50,24.0,5,WIN,150.0,Bull Put,13.65,93.2,0,0.75,2018_36,420.0,2018,normal
2018-09-11,NarrowCondor,400+400,400,600,83.5,220,116.0,7,WIN,180.0,Condor,15.33,108.9,1,0.75,2018_37,420.0,2018,normal
2018-09-18,CONDOR,450+400,450,650,83.8,160,101.8,5,WIN,280.0,Condor,14.42,121.6,2,0.75,2018_38,420.0,2018,normal
2018-10-01,CONDOR,500+550,500,700,76.2,160,101.8,5,WIN,280.0,Condor,16.84,160.1,1,0.75,2018_40,300.0,2018,elevated
2018-11-09,CONDOR,550+550,550,750,80.8,160,81.0,7,WIN,280.0,Condor,17.77,159.2,1,0.75,2018_45,300.0,2018,elevated
2018-11-13,CONDOR,500+550,500,700,76.2,160,81.0,6,WIN,280.0,Condor,18.7,160.3,1,0.75,2018_46,300.0,2018,elevated
2018-11-20,CONDOR,500+450,500,700,81.3,160,81.0,7,WIN,280.0,Condor,19.33,143.1,1,0.75,2018_47,300.0,2018,elevated
2018-11-27,Normal,550,550,750,86.9,60,31.0,5,WIN,140.0,Bull Put,18.32,137.5,1,1.0,2018_48,300.0,2018,elevated
2018-11-28,Near-VC,700,700,900,95.4,80,44.0,5,WIN,120.0,Bull Put,17.96,132.9,0,0.75,2018_48,300.0,2018,elevated
2018-12-03,CONDOR,450+450,450,650,81.3,160,101.8,5,WIN,280.0,Condor,18.22,128.8,2,0.75,2018_49,300.0,2018,elevated
2018-12-12,VIX-Collapse,700,700,900,93.1,100,62.0,5,WIN,100.0,Bull Put,15.81,145.5,1,1.0,2018_50,420.0,2018,normal
2018-12-13,Near-VC,700,700,900,93.7,80,44.0,5,WIN,120.0,Bull Put,15.55,142.4,1,0.75,2018_50,420.0,2018,normal
2018-12-14,Cautious,650,650,850,92.8,40,16.0,5,WIN,160.0,Bull Put,15.16,136.7,1,1.0,2018_50,420.0,2018,normal
2018-12-17,Normal,550,550,750,88.0,60,31.0,7,WIN,140.0,Bull Put,14.54,133.9,2,1.0,2018_51,420.0,2018,normal
2018-12-18,Normal,550,550,750,88.7,60,31.0,6,WIN,140.0,Bull Put,14.58,131.1,2,1.0,2018_51,420.0,2018,normal
2018-12-19,Normal,550,550,750,89.9,60,46.8,3,WIN,140.0,Bull Put,14.66,126.8,2,1.0,2018_51,420.0,2018,normal
2018-12-24,Monday-RW,600,600,800,91.7,45,20.9,5,WIN,155.0,Bull Put,15.75,130.8,0,0.75,2018_52,420.0,2018,normal
2018-12-26,Wednesday-MW,600,600,800,90.3,50,24.0,5,WIN,150.0,Bull Put,15.92,136.6,0,0.75,2018_52,420.0,2018,normal
2019-01-01,Normal,550,550,750,89.8,60,31.0,6,WIN,140.0,Bull Put,15.33,127.0,1,1.0,2019_01,420.0,2019,normal
2019-01-07,CONDOR,400+450,400,600,75.9,160,81.0,5,WIN,280.0,Condor,16.3,128.9,0,0.75,2019_02,300.0,2019,elevated
2019-01-10,Normal,550,550,750,91.6,60,31.0,5,WIN,140.0,Bull Put,15.35,120.4,0,1.0,2019_02,420.0,2019,normal
2019-01-15,Normal,550,550,750,91.2,60,31.0,5,WIN,140.0,Bull Put,15.58,121.8,0,1.0,2019_03,420.0,2019,normal
2019-01-16,Wednesday-MW,600,600,800,94.8,50,24.0,6,WIN,150.0,Bull Put,16.08,116.8,0,0.75,2019_03,300.0,2019,elevated
2019-01-22,Normal,550,550,750,94.3,60,31.0,7,WIN,140.0,Bull Put,17.99,109.2,0,1.0,2019_04,300.0,2019,elevated
2019-01-23,Wednesday-MW,600,600,800,95.9,50,24.0,6,WIN,150.0,Bull Put,18.09,110.8,1,0.75,2019_04,300.0,2019,elevated
2019-01-29,Normal,550,550,750,92.7,60,31.0,5,WIN,140.0,Bull Put,18.43,115.9,2,1.0,2019_05,300.0,2019,elevated
2019-01-30,Wednesday-MW,600,600,800,95.3,50,24.0,5,WIN,150.0,Bull Put,17.85,114.4,0,0.75,2019_05,300.0,2019,elevated
2019-02-01,Near-VC,700,700,900,96.7,80,44.0,5,WIN,120.0,Bull Put,15.72,123.8,0,0.75,2019_05,420.0,2019,normal
2019-02-04,Monday-RW,600,600,800,93.5,45,20.9,5,WIN,155.0,Bull Put,15.72,123.1,1,0.75,2019_06,420.0,2019,normal
2019-02-05,Normal,550,550,750,91.9,60,31.0,7,WIN,140.0,Bull Put,15.78,119.2,1,1.0,2019_06,420.0,2019,normal
2019-02-11,Monday-RW,600,600,800,95.2,45,20.9,7,WIN,155.0,Bull Put,15.84,114.9,1,0.75,2019_07,420.0,2019,normal
2019-02-12,NarrowCondor,400+400,400,600,81.9,220,116.0,6,WIN,180.0,Condor,15.75,112.9,1,0.75,2019_07,420.0,2019,normal
2019-02-20,Wednesday-MW,600,600,800,94.0,50,24.0,5,WIN,150.0,Bull Put,17.06,120.5,1,0.75,2019_08,300.0,2019,elevated
2019-02-21,Near-VC,700,700,900,97.5,80,44.0,5,WIN,120.0,Bull Put,16.05,118.2,1,0.75,2019_08,300.0,2019,elevated
2019-02-25,Normal,550,550,750,93.7,60,31.0,5,WIN,140.0,Bull Put,15.36,111.7,2,1.0,2019_09,420.0,2019,normal
2019-02-28,Cautious,650,650,850,96.4,40,16.0,5,WIN,160.0,Bull Put,18.28,117.5,1,1.5,2019_09,300.0,2019,elevated
2019-03-05,Near-VC,700,700,900,97.4,80,44.0,5,WIN,120.0,Bull Put,15.66,118.8,0,0.75,2019_10,420.0,2019,normal
2019-03-06,Wednesday-MW,600,600,800,95.0,50,24.0,5,WIN,150.0,Bull Put,15.61,115.8,1,0.75,2019_10,420.0,2019,normal
2019-03-07,Normal,550,550,750,93.7,60,31.0,5,WIN,140.0,Bull Put,15.29,111.9,1,1.0,2019_10,420.0,2019,normal
2019-03-11,Monday-RW,600,600,800,96.1,45,20.9,5,WIN,155.0,Bull Put,14.9,109.6,1,0.75,2019_11,420.0,2019,normal
2019-03-12,Normal,550,550,750,93.6,60,31.0,5,WIN,140.0,Bull Put,15.1,112.1,2,1.0,2019_11,420.0,2019,normal
2019-03-19,Normal,550,550,750,94.5,60,31.0,6,WIN,140.0,Bull Put,16.49,108.4,2,1.0,2019_12,300.0,2019,elevated
2019-03-20,Wednesday-MW,600,600,800,97.1,50,24.0,5,WIN,150.0,Bull Put,16.03,104.1,1,0.75,2019_12,300.0,2019,elevated
2019-03-25,Normal,550,550,750,94.2,60,31.0,5,WIN,140.0,Bull Put,16.67,109.7,1,1.0,2019_13,300.0,2019,elevated
2019-03-26,Normal,550,550,750,93.6,60,31.0,5,WIN,140.0,Bull Put,16.49,112.3,1,1.0,2019_13,300.0,2019,elevated
2019-04-04,Normal,550,550,750,92.0,60,31.0,5,WIN,140.0,Bull Put,18.65,118.9,1,1.0,2019_14,300.0,2019,elevated
2019-04-09,Cautious,650,650,850,96.1,40,16.0,5,WIN,160.0,Bull Put,20.28,119.2,1,1.5,2019_15,300.0,2019,high
2019-04-15,Cautious,650,650,850,97.6,40,16.0,5,WIN,160.0,Bull Put,21.39,108.6,1,1.5,2019_16,300.0,2019,high
2019-04-23,Cautious,650,650,850,97.2,40,16.0,5,WIN,160.0,Bull Put,24.65,111.5,1,1.5,2019_17,300.0,2019,high
2019-04-30,Cautious,650,650,850,96.4,40,16.0,7,WIN,160.0,Bull Put,21.83,117.2,1,1.5,2019_18,300.0,2019,high
2019-05-27,VIX-Collapse,700,700,900,87.8,100,62.0,5,WIN,100.0,Bull Put,16.19,171.2,2,1.0,2019_22,300.0,2019,elevated
2019-05-28,Cautious,750,750,950,91.3,40,16.0,5,WIN,160.0,Bull Put,15.92,165.7,2,1.0,2019_22,300.0,2019,normal
2019-06-03,Normal,650,650,850,86.9,60,31.0,7,WIN,140.0,Bull Put,15.97,162.5,1,1.0,2019_23,300.0,2019,normal
2019-06-04,Normal,650,650,850,88.2,60,31.0,6,WIN,140.0,Bull Put,15.63,157.3,1,1.0,2019_23,300.0,2019,normal
2019-06-10,Monday-RW,700,700,900,91.2,45,20.9,7,WIN,155.0,Bull Put,14.98,155.2,0,0.75,2019_24,300.0,2019,normal
2019-06-12,Wednesday-MW,650,650,850,90.5,50,24.0,6,WIN,150.0,Bull Put,14.12,147.0,0,0.75,2019_24,420.0,2019,normal
2019-06-18,CONDOR,450+450,450,650,77.2,160,81.0,7,WIN,280.0,Condor,14.6,141.1,1,0.75,2019_25,420.0,2019,normal
2019-06-20,Normal,600,600,800,87.4,60,31.0,5,WIN,140.0,Bull Put,14.0,148.3,0,1.0,2019_25,420.0,2019,normal
2019-06-25,Normal,600,600,800,88.4,60,31.0,5,WIN,140.0,Bull Put,15.01,144.3,0,1.0,2019_26,420.0,2019,normal
2019-06-26,Wednesday-MW,600,600,800,89.0,50,24.0,5,WIN,150.0,Bull Put,14.75,142.0,0,0.75,2019_26,420.0,2019,normal
2019-07-01,Monday-RW,600,600,800,91.4,45,20.9,7,WIN,155.0,Bull Put,14.6,131.9,0,0.75,2019_27,420.0,2019,normal
2019-07-02,Normal,550,550,750,89.1,60,31.0,7,WIN,140.0,Bull Put,14.25,129.7,0,1.0,2019_27,420.0,2019,normal
2019-07-09,CONDOR,450+450,450,650,79.5,160,81.0,6,WIN,280.0,Condor,13.69,134.1,1,0.75,2019_28,420.0,2019,normal
2019-07-15,Near-VC,700,700,900,96.2,80,44.0,7,WIN,120.0,Bull Put,12.02,127.6,1,0.75,2019_29,420.0,2019,normal
2019-07-16,Normal,550,550,750,90.3,60,31.0,7,WIN,140.0,Bull Put,11.56,125.3,1,1.0,2019_29,420.0,2019,ultra-calm
2019-07-17,Wednesday-MW,600,600,800,94.1,50,36.5,3,WIN,150.0,Bull Put,11.8,120.3,0,0.75,2019_29,600.0,2019,ultra-calm
2019-07-22,Bear-Call,550,550,750,89.5,60,32.0,5,WIN,140.0,Bear Call,13.01,128.3,2,1.0,2019_30,420.0,2019,normal
2019-07-23,Bear-Call,550,550,750,90.1,60,32.0,5,WIN,140.0,Bear Call,13.43,125.9,2,1.0,2019_30,420.0,2019,normal
2019-07-24,Bear-Call,550,550,750,90.1,60,32.0,5,WIN,140.0,Bear Call,12.76,126.1,2,1.0,2019_30,420.0,2019,normal
2019-07-31,Wednesday-MW,600,600,800,91.5,50,24.0,6,WIN,150.0,Bull Put,13.59,131.8,1,0.75,2019_31,420.0,2019,normal
2019-08-06,Cautious,700,700,900,91.3,40,16.0,5,WIN,160.0,Bull Put,16.12,154.4,1,1.0,2019_32,300.0,2019,elevated
2019-08-14,Wednesday-MW,700,700,900,89.8,50,24.0,7,WIN,150.0,Bull Put,16.36,161.6,1,0.75,2019_33,300.0,2019,elevated
2019-08-16,Normal,650,650,850,87.5,60,31.0,6,WIN,140.0,Bull Put,16.65,160.3,1,1.0,2019_33,300.0,2019,elevated
2019-08-19,CONDOR,500+500,500,700,77.2,160,101.8,5,WIN,280.0,Condor,16.75,156.6,1,0.75,2019_34,300.0,2019,elevated
2019-08-27,CONDOR,500+550,500,700,75.0,160,81.0,7,WIN,280.0,Condor,16.01,164.2,1,0.75,2019_35,300.0,2019,elevated
2019-09-04,Bear-Call,650,650,850,86.7,60,32.0,7,WIN,140.0,Bear Call,17.24,163.4,2,1.0,2019_36,300.0,2019,elevated
2019-09-05,Bear-Call,650,650,850,87.7,60,32.0,7,WIN,140.0,Bear Call,17.27,159.1,1,1.0,2019_36,300.0,2019,elevated
2019-09-09,Monday-RW,700,700,900,91.3,45,20.9,6,WIN,155.0,Bull Put,15.85,154.8,1,0.75,2019_37,300.0,2019,normal
2019-09-11,Wednesday-MW,650,650,850,90.5,50,24.0,7,WIN,150.0,Bull Put,15.37,147.3,1,0.75,2019_37,420.0,2019,normal
2019-09-18,Wednesday-MW,600,600,800,89.0,50,24.0,5,WIN,150.0,Bull Put,15.35,141.9,0,0.75,2019_38,420.0,2019,normal
2019-09-19,Bear-Call,600,600,800,88.4,60,-150.0,2,LOSS,140.0,Bear Call,15.55,144.5,1,1.0,2019_38,420.0,2019,normal
2019-09-30,CONDOR,550+550,550,750,75.2,160,101.8,5,WIN,280.0,Condor,15.87,180.0,2,0.75,2019_40,300.0,2019,normal
2019-10-14,Normal,650,650,850,83.6,60,31.0,5,WIN,140.0,Bull Put,17.43,176.6,0,0.75,2019_42,300.0,2019,elevated
2019-10-15,Normal,650,650,850,84.3,60,31.0,5,WIN,140.0,Bull Put,16.85,173.4,1,0.75,2019_42,300.0,2019,elevated
2019-10-23,Wednesday-MW,700,700,900,90.9,50,24.0,5,WIN,150.0,Bull Put,16.54,156.5,0,0.75,2019_43,300.0,2019,elevated
2019-10-24,Normal,600,600,800,85.5,60,31.0,5,WIN,140.0,Bull Put,16.24,155.6,0,1.0,2019_43,300.0,2019,elevated
2019-10-30,Wednesday-MW,700,700,900,90.9,50,24.0,5,WIN,150.0,Bull Put,16.66,156.8,1,0.75,2019_44,300.0,2019,elevated
2019-10-31,Normal,600,600,800,86.3,60,31.0,5,WIN,140.0,Bull Put,16.28,152.3,1,1.0,2019_44,300.0,2019,elevated
2019-11-04,Monday-RW,650,650,850,91.5,45,20.9,5,WIN,155.0,Bull Put,15.93,142.7,1,0.75,2019_45,420.0,2019,normal
2019-11-05,Normal,550,550,750,86.0,60,31.0,6,WIN,140.0,Bull Put,15.92,140.8,0,1.0,2019_45,420.0,2019,normal
2019-11-11,CONDOR,450+450,450,650,79.9,160,81.0,5,WIN,280.0,Condor,16.25,133.1,0,0.75,2019_46,300.0,2019,elevated
2019-11-19,CONDOR,400+450,400,600,79.0,160,81.0,7,WIN,280.0,Condor,15.41,120.7,0,0.75,2019_47,420.0,2019,normal
2019-11-21,Normal,550,550,750,93.1,60,31.0,5,WIN,140.0,Bull Put,14.98,114.5,0,1.0,2019_47,420.0,2019,normal
2019-11-25,Monday-RW,600,600,800,94.9,45,20.9,5,WIN,155.0,Bull Put,15.0,116.2,0,0.75,2019_48,420.0,2019,normal
2019-11-26,Normal,550,550,750,92.5,60,31.0,5,WIN,140.0,Bull Put,14.84,116.9,0,1.0,2019_48,420.0,2019,normal
2019-12-02,Monday-RW,600,600,800,95.8,45,20.9,7,WIN,155.0,Bull Put,14.2,111.5,0,0.75,2019_49,420.0,2019,normal
2019-12-03,NarrowCondor,400+400,400,600,82.5,220,116.0,6,WIN,180.0,Condor,14.56,111.4,0,0.75,2019_49,420.0,2019,normal
2019-12-10,NarrowCondor,400+400,400,600,82.3,220,144.7,5,WIN,180.0,Condor,14.29,112.0,0,0.75,2019_50,420.0,2019,normal
2019-12-11,Wednesday-MW,600,600,800,96.0,50,24.0,5,WIN,150.0,Bull Put,13.38,110.5,0,0.75,2019_50,420.0,2019,normal
2019-12-16,Monday-RW,600,600,800,96.3,45,20.9,5,WIN,155.0,Bull Put,13.42,108.8,0,0.75,2019_51,420.0,2019,normal
2019-12-17,Normal,550,550,750,94.2,60,31.0,5,WIN,140.0,Bull Put,12.52,109.8,1,1.0,2019_51,420.0,2019,normal
2019-12-23,Monday-RW,600,600,800,97.9,45,20.9,6,WIN,155.0,Bull Put,11.96,98.4,1,0.75,2019_52,420.0,2019,ultra-calm
2019-12-24,NarrowCondor,400+400,400,600,88.0,220,116.0,6,WIN,180.0,Condor,11.63,97.2,1,1.0,2019_52,420.0,2019,ultra-calm
2020-01-02,Thursday-EXP,550,550,750,100.0,35,12.5,1,WIN,165.0,Bull Put,11.49,99.3,1,0.75,2020_01,420.0,2020,ultra-calm
2020-01-07,Cautious,650,650,850,97.0,40,16.0,5,WIN,160.0,Bull Put,14.61,113.2,1,1.5,2020_02,420.0,2020,normal
2020-01-13,Monday-RW,600,600,800,94.9,45,20.9,7,WIN,155.0,Bull Put,14.28,116.2,1,0.75,2020_03,420.0,2020,normal
2020-01-14,Normal,550,550,750,93.5,60,31.0,7,WIN,140.0,Bull Put,13.91,112.5,1,1.0,2020_03,420.0,2020,normal
2020-01-21,NarrowCondor,400+400,400,600,83.4,220,116.0,6,WIN,180.0,Condor,15.86,109.1,0,0.75,2020_04,420.0,2020,normal
2020-01-23,Cautious,650,650,850,97.5,40,16.0,7,WIN,160.0,Bull Put,15.86,109.7,0,1.5,2020_04,420.0,2020,normal
2020-01-28,Cautious,650,650,850,96.8,40,27.2,3,WIN,160.0,Bull Put,17.3,114.7,0,1.5,2020_05,300.0,2020,elevated
2020-02-04,VIX-Collapse,700,700,900,93.2,100,62.0,5,WIN,100.0,Bull Put,14.38,144.8,2,1.0,2020_06,420.0,2020,normal
2020-02-05,Near-VC,700,700,900,93.2,80,44.0,5,WIN,120.0,Bull Put,14.17,144.7,2,0.75,2020_06,420.0,2020,normal
2020-02-06,Normal,550,550,750,86.3,60,31.0,5,WIN,140.0,Bull Put,13.78,139.8,2,1.0,2020_06,420.0,2020,normal
2020-02-11,Normal,550,550,750,88.0,60,31.0,6,WIN,140.0,Bull Put,13.88,133.8,2,1.0,2020_07,420.0,2020,normal
2020-02-12,Wednesday-MW,600,600,800,91.2,50,24.0,6,WIN,150.0,Bull Put,13.62,132.9,1,0.75,2020_07,420.0,2020,normal
2020-02-18,CONDOR,450+400,450,650,80.5,160,-87.0,7,LOSS,280.0,Condor,14.51,131.1,0,0.75,2020_08,420.0,2020,normal
2020-02-25,Bear-Call,550,550,750,87.7,60,32.0,5,WIN,140.0,Bear Call,16.9,134.8,0,1.0,2020_09,300.0,2020,elevated
2020-07-28,Cautious,750,750,950,90.0,40,16.0,6,WIN,160.0,Bull Put,23.64,172.5,2,1.0,2020_31,300.0,2020,high
2020-08-06,Cautious,750,750,950,89.7,40,16.0,5,WIN,160.0,Bull Put,23.15,173.6,2,1.0,2020_32,300.0,2020,high
2020-08-11,Cautious,750,750,950,92.5,40,16.0,5,WIN,160.0,Bull Put,21.36,159.3,2,1.0,2020_33,300.0,2020,high
2020-08-17,Cautious,700,700,900,91.3,40,16.0,5,WIN,160.0,Bull Put,21.31,154.5,1,1.0,2020_34,300.0,2020,high
2020-08-24,Normal,600,600,800,88.2,60,31.0,6,WIN,140.0,Bull Put,19.23,145.1,2,1.0,2020_35,300.0,2020,elevated
2020-08-25,Normal,550,550,750,85.7,60,31.0,5,WIN,140.0,Bull Put,19.32,142.1,1,1.0,2020_35,300.0,2020,elevated
2020-09-03,Cautious,700,700,900,91.8,40,16.0,6,WIN,160.0,Bull Put,20.5,152.3,1,1.0,2020_36,300.0,2020,high
2020-09-07,Cautious,750,750,950,93.1,40,16.0,5,WIN,160.0,Bull Put,22.01,155.8,1,1.0,2020_37,300.0,2020,high
2020-09-14,Cautious,700,700,900,92.1,40,16.0,7,WIN,160.0,Bull Put,21.19,150.4,1,1.0,2020_38,300.0,2020,high
2020-09-16,Normal,600,600,800,88.4,60,46.8,3,WIN,140.0,Bull Put,19.66,144.2,2,1.0,2020_38,300.0,2020,elevated
2020-09-22,Cautious,750,750,950,92.8,40,16.0,5,WIN,160.0,Bull Put,21.41,157.7,2,1.0,2020_39,300.0,2020,high
2020-10-14,Cautious,750,750,950,91.9,40,16.0,5,WIN,160.0,Bull Put,20.21,162.2,2,1.0,2020_42,300.0,2020,high
2020-10-20,Cautious,750,750,950,91.4,40,16.0,5,WIN,160.0,Bull Put,22.69,164.8,2,1.0,2020_43,300.0,2020,high
2020-10-27,Cautious,750,750,950,91.4,40,16.0,5,WIN,160.0,Bull Put,22.2,164.9,1,1.0,2020_44,300.0,2020,high
2020-11-03,Cautious,750,750,950,90.1,40,16.0,5,WIN,160.0,Bull Put,24.24,171.9,1,1.0,2020_45,300.0,2020,high
2020-12-02,CONDOR,550+550,550,750,76.2,160,81.0,7,WIN,280.0,Condor,19.91,176.2,2,0.75,2020_49,300.0,2020,elevated
2020-12-08,Normal,650,650,850,86.9,60,31.0,5,WIN,140.0,Bull Put,18.62,162.8,2,1.0,2020_50,300.0,2020,elevated
2020-12-09,Normal,650,650,850,86.9,60,31.0,5,WIN,140.0,Bull Put,18.92,162.5,2,1.0,2020_50,300.0,2020,elevated
2020-12-14,Normal,650,650,850,87.8,60,31.0,6,WIN,140.0,Bull Put,19.4,158.8,1,1.0,2020_51,300.0,2020,elevated
2020-12-15,Normal,650,650,850,88.1,60,31.0,6,WIN,140.0,Bull Put,19.35,157.5,1,1.0,2020_51,300.0,2020,elevated
2020-12-24,HighATR-Cautious,750,750,950,86.6,30,8.5,4,WIN,170.0,Bull Put,19.97,189.4,2,0.75,2020_52,200.0,2020,elevated
2021-01-06,Cautious,750,750,950,89.8,40,16.0,5,WIN,160.0,Bull Put,21.0,173.5,1,1.0,2021_01,300.0,2021,high
2021-06-02,HighATR-Cautious,750,750,950,85.6,30,8.5,4,WIN,170.0,Bull Put,17.21,193.8,2,0.75,2021_22,200.0,2021,elevated
2021-06-07,Normal,650,650,850,83.5,60,31.0,5,WIN,140.0,Bull Put,15.57,176.8,1,0.75,2021_23,300.0,2021,normal
2021-06-08,Normal,650,650,850,84.9,60,31.0,5,WIN,140.0,Bull Put,15.23,171.0,1,0.75,2021_23,300.0,2021,normal
2021-06-15,Normal,650,650,850,86.8,60,31.0,6,WIN,140.0,Bull Put,14.61,163.1,0,1.0,2021_24,300.0,2021,normal
2021-06-16,Wednesday-MW,700,700,900,89.9,50,24.0,5,WIN,150.0,Bull Put,14.87,161.2,0,0.75,2021_24,300.0,2021,normal
2021-06-22,CONDOR,550+550,550,750,78.9,160,81.0,5,WIN,280.0,Condor,14.74,166.0,0,0.75,2021_25,300.0,2021,normal
2021-06-28,Near-VC,700,700,900,90.7,80,44.0,5,WIN,120.0,Bull Put,13.4,157.3,0,0.75,2021_26,300.0,2021,normal
2021-06-29,Normal,600,600,800,85.9,60,31.0,5,WIN,140.0,Bull Put,13.0,154.1,0,1.0,2021_26,300.0,2021,normal
2021-07-06,CONDOR,450+500,450,650,75.2,160,81.0,5,WIN,280.0,Condor,12.28,147.2,0,0.75,2021_27,420.0,2021,normal
2021-07-12,Monday-RW,650,650,850,91.0,45,20.9,5,WIN,155.0,Bull Put,12.99,145.0,0,0.75,2021_28,420.0,2021,normal
2021-07-14,Wednesday-MW,600,600,800,89.1,50,24.0,5,WIN,150.0,Bull Put,12.59,141.7,0,0.75,2021_28,420.0,2021,normal
2021-07-16,Aggressive,450,450,650,79.3,100,65.0,7,WIN,100.0,Bull Put,11.71,134.8,0,0.75,2021_28,600.0,2021,ultra-calm
2021-07-22,Aggressive,500,500,700,79.8,100,65.0,6,WIN,100.0,Bull Put,11.89,148.1,0,0.75,2021_29,600.0,2021,ultra-calm
2021-07-23,Near-VC,700,700,900,92.8,80,44.0,6,WIN,120.0,Bull Put,11.76,146.9,0,0.75,2021_29,600.0,2021,ultra-calm
2021-07-28,Wednesday-MW,650,650,850,89.2,50,24.0,5,WIN,150.0,Bull Put,13.69,152.9,0,0.75,2021_30,300.0,2021,normal
2021-07-29,Normal,600,600,800,87.1,60,31.0,5,WIN,140.0,Bull Put,12.95,149.3,0,1.0,2021_30,420.0,2021,normal
2021-08-02,Monday-RW,650,650,850,91.0,45,20.9,5,WIN,155.0,Bull Put,12.81,144.9,0,0.75,2021_31,420.0,2021,normal
2021-08-04,Normal,600,600,800,85.9,60,31.0,5,WIN,140.0,Bull Put,13.21,154.1,2,1.0,2021_31,300.0,2021,normal
2021-08-09,Normal,600,600,800,87.1,60,31.0,5,WIN,140.0,Bull Put,12.61,149.3,2,1.0,2021_32,420.0,2021,normal
2021-08-10,Normal,600,600,800,87.0,60,31.0,5,WIN,140.0,Bull Put,12.71,149.8,1,1.0,2021_32,420.0,2021,normal
2021-08-16,Monday-RW,650,650,850,90.5,45,20.9,5,WIN,155.0,Bull Put,13.46,147.2,1,0.75,2021_33,420.0,2021,normal
2021-08-17,Normal,600,600,800,87.9,60,31.0,5,WIN,140.0,Bull Put,13.41,146.1,2,1.0,2021_33,420.0,2021,normal
2021-08-24,Normal,600,600,800,86.2,60,31.0,5,WIN,140.0,Bull Put,13.19,153.0,1,1.0,2021_34,300.0,2021,normal
2021-08-25,Wednesday-MW,650,650,850,90.1,50,24.0,5,WIN,150.0,Bull Put,13.5,148.9,1,0.75,2021_34,420.0,2021,normal
2021-08-30,Monday-RW,700,700,900,91.6,45,20.9,5,WIN,155.0,Bull Put,13.32,152.9,1,0.75,2021_35,300.0,2021,normal
2021-09-02,Normal,650,650,850,87.2,60,31.0,5,WIN,140.0,Bull Put,14.24,161.4,1,1.0,2021_35,300.0,2021,normal
2021-09-06,Normal,600,600,800,85.6,60,31.0,5,WIN,140.0,Bull Put,15.11,155.4,2,1.0,2021_36,300.0,2021,normal
2021-09-07,Normal,600,600,800,85.7,60,31.0,5,WIN,140.0,Bull Put,14.9,154.9,1,1.0,2021_36,300.0,2021,normal
2021-09-13,Monday-RW,650,650,850,91.1,45,20.9,5,WIN,155.0,Bull Put,14.03,144.6,0,0.75,2021_37,420.0,2021,normal
2021-09-15,Wednesday-MW,600,600,800,89.2,50,24.0,5,WIN,150.0,Bull Put,13.73,141.2,0,0.75,2021_37,420.0,2021,normal
2021-09-21,Cautious,750,750,950,91.7,40,16.0,5,WIN,160.0,Bull Put,16.52,163.4,0,1.0,2021_38,300.0,2021,elevated
2021-09-29,Cautious,750,750,950,89.2,40,16.0,5,WIN,160.0,Bull Put,18.84,176.2,1,1.0,2021_39,300.0,2021,elevated
2021-10-01,Normal,650,650,850,84.3,60,31.0,5,WIN,140.0,Bull Put,17.21,173.5,0,0.75,2021_39,300.0,2021,elevated
2021-10-04,WideCondor,600+600,600,800,80.0,100,52.0,7,WIN,300.0,Condor,16.74,177.0,0,0.75,2021_40,300.0,2021,elevated
2021-10-11,HighATR-Cautious,750,750,950,87.3,30,8.5,4,WIN,170.0,Bull Put,16.09,185.6,0,0.75,2021_41,200.0,2021,elevated
2021-10-19,HighATR-Cautious,750,750,950,87.0,30,8.5,5,WIN,170.0,Bull Put,17.38,187.4,2,0.75,2021_42,200.0,2021,elevated
2021-10-25,HighATR-Cautious,750,750,950,82.0,30,8.5,7,WIN,170.0,Bull Put,17.61,211.5,2,0.75,2021_43,200.0,2021,elevated
2021-11-01,HighATR-Cautious,750,750,950,78.5,30,8.5,4,WIN,170.0,Bull Put,17.24,228.8,1,0.75,2021_44,200.0,2021,elevated
2021-11-08,HighATR-Cautious,750,750,950,80.4,30,8.5,4,WIN,170.0,Bull Put,16.34,219.1,2,0.75,2021_45,200.0,2021,elevated
2021-11-15,HighATR-Cautious,750,750,950,83.3,30,8.5,7,WIN,170.0,Bull Put,15.47,205.0,1,0.75,2021_46,200.0,2021,normal
2021-12-31,HighATR-Cautious,750,750,950,78.2,30,8.5,4,WIN,170.0,Bull Put,16.22,230.2,2,0.75,2021_52,200.0,2021,elevated
2022-01-13,HighATR-Cautious,750,750,950,82.8,30,-178.0,7,LOSS,170.0,Bull Put,16.7,207.6,2,0.75,2022_02,200.0,2022,elevated
2022-01-17,HighATR-Cautious,750,750,950,85.2,30,18.7,3,WIN,170.0,Bull Put,16.77,196.2,1,0.75,2022_03,200.0,2022,elevated
2022-07-12,HighATR-Cautious,750,750,950,81.2,30,8.5,4,WIN,170.0,Bull Put,18.55,215.5,2,0.75,2022_28,200.0,2022,elevated
2022-07-18,HighATR-Cautious,750,750,950,82.3,30,8.5,4,WIN,170.0,Bull Put,17.16,210.0,1,0.75,2022_29,200.0,2022,elevated
2022-07-26,HighATR-Cautious,750,750,950,85.3,30,8.5,4,WIN,170.0,Bull Put,18.17,195.7,1,0.75,2022_30,200.0,2022,elevated
2022-08-12,Near-VC,700,700,900,81.8,80,44.0,6,WIN,120.0,Bull Put,17.61,198.3,1,0.75,2022_32,200.0,2022,elevated
2022-08-16,HighATR-Cautious,750,750,950,85.6,30,8.5,6,WIN,170.0,Bull Put,17.68,194.2,2,0.75,2022_33,200.0,2022,elevated
2022-08-23,HighATR-Cautious,750,750,950,83.9,30,8.5,5,WIN,170.0,Bull Put,19.05,202.0,2,0.75,2022_34,200.0,2022,elevated
2022-09-06,HighATR-Cautious,750,750,950,80.4,30,8.5,4,WIN,170.0,Bull Put,19.52,219.3,2,0.75,2022_36,200.0,2022,elevated
2022-09-12,HighATR-Cautious,750,750,950,84.0,30,8.5,6,WIN,170.0,Bull Put,17.94,201.5,1,0.75,2022_37,200.0,2022,elevated
2022-09-19,HighATR-Cautious,750,750,950,79.9,30,-178.0,7,LOSS,170.0,Bull Put,19.94,221.6,2,0.75,2022_38,200.0,2022,elevated
2022-10-20,HighATR-Cautious,750,750,950,78.4,30,8.5,4,WIN,170.0,Bull Put,17.23,229.3,2,0.75,2022_42,200.0,2022,elevated
2022-10-25,HighATR-Cautious,750,750,950,80.7,30,8.5,4,WIN,170.0,Bull Put,16.88,217.6,1,0.75,2022_43,200.0,2022,elevated
2022-10-31,HighATR-Cautious,750,750,950,83.0,30,8.5,4,WIN,170.0,Bull Put,15.8,206.6,2,0.75,2022_44,200.0,2022,normal
2022-11-07,HighATR-Cautious,750,750,950,86.8,30,8.5,4,WIN,170.0,Bull Put,15.59,188.4,1,0.75,2022_45,200.0,2022,normal
2022-11-14,HighATR-Cautious,750,750,950,87.1,30,8.5,4,WIN,170.0,Bull Put,14.91,186.8,0,0.75,2022_46,200.0,2022,normal
2022-11-21,WideCondor,600+600,600,800,81.0,100,64.2,5,WIN,300.0,Condor,14.8,173.0,0,0.75,2022_47,300.0,2022,normal
2022-11-28,Normal,650,650,850,86.1,60,31.0,5,WIN,140.0,Bull Put,13.57,166.0,1,1.0,2022_48,300.0,2022,normal
2022-11-29,Normal,650,650,850,86.8,60,31.0,5,WIN,140.0,Bull Put,13.62,163.1,0,1.0,2022_48,300.0,2022,normal
2022-12-05,Monday-RW,750,750,950,92.4,45,20.9,6,WIN,155.0,Bull Put,13.73,160.0,0,0.75,2022_49,300.0,2022,normal
2022-12-08,Normal,600,600,800,86.8,60,31.0,7,WIN,140.0,Bull Put,13.4,150.6,0,1.0,2022_49,300.0,2022,normal
2022-12-12,Monday-RW,700,700,900,90.4,45,20.9,6,WIN,155.0,Bull Put,13.32,159.0,0,0.75,2022_50,300.0,2022,normal
2022-12-13,Normal,650,650,850,88.3,60,46.8,3,WIN,140.0,Bull Put,12.88,156.6,0,1.0,2022_50,300.0,2022,normal
2022-12-19,CONDOR,500+550,500,700,75.1,160,101.8,5,WIN,280.0,Condor,13.55,163.8,0,0.75,2022_51,300.0,2022,normal
2022-12-29,HighATR-Cautious,750,750,950,84.9,30,8.5,7,WIN,170.0,Bull Put,14.81,197.5,2,0.75,2022_52,200.0,2022,normal
2023-01-02,HighATR-Cautious,750,750,950,86.1,30,8.5,5,WIN,170.0,Bull Put,14.69,191.6,1,0.75,2023_01,200.0,2023,normal
2023-01-09,HighATR-Cautious,750,750,950,84.3,30,8.5,6,WIN,170.0,Bull Put,14.65,200.4,1,0.75,2023_02,200.0,2023,normal
2023-01-16,HighATR-Cautious,750,750,950,84.1,30,8.5,4,WIN,170.0,Bull Put,15.02,201.1,1,0.75,2023_03,200.0,2023,normal
2023-01-24,CONDOR,550+550,550,750,76.0,160,101.8,5,WIN,280.0,Condor,13.66,177.0,0,0.75,2023_04,300.0,2023,normal
2023-01-30,HighATR-Cautious,750,750,950,83.0,30,8.5,4,WIN,170.0,Bull Put,17.71,206.6,1,0.75,2023_05,200.0,2023,elevated
2023-02-06,HighATR-Cautious,750,750,950,78.4,30,8.5,4,WIN,170.0,Bull Put,14.69,229.2,1,0.75,2023_06,200.0,2023,normal
2023-02-15,HighATR-Cautious,750,750,950,82.8,30,8.5,7,WIN,170.0,Bull Put,12.86,207.6,1,0.75,2023_07,200.0,2023,normal
2023-02-20,HighATR-Cautious,750,750,950,84.9,30,8.5,7,WIN,170.0,Bull Put,13.38,197.5,0,0.75,2023_08,200.0,2023,normal
2023-02-27,Bear-Call,650,650,850,79.4,60,32.0,7,WIN,140.0,Bear Call,13.88,194.4,1,0.75,2023_09,200.0,2023,normal
2023-03-06,HighATR-Cautious,750,750,950,84.7,30,8.5,7,WIN,170.0,Bull Put,12.27,198.2,1,0.75,2023_10,200.0,2023,normal
2023-03-17,HighATR-Cautious,750,750,950,80.7,30,8.5,6,WIN,170.0,Bull Put,14.77,217.7,2,0.75,2023_11,200.0,2023,normal
2023-03-21,HighATR-Cautious,750,750,950,81.1,30,8.5,6,WIN,170.0,Bull Put,15.08,216.0,1,0.75,2023_12,200.0,2023,normal
2023-03-27,HighATR-Cautious,750,750,950,84.2,30,8.5,4,WIN,170.0,Bull Put,15.45,200.9,1,0.75,2023_13,200.0,2023,normal
2023-04-11,WideCondor,600+600,600,800,79.5,100,52.0,6,WIN,300.0,Condor,11.98,178.9,1,0.75,2023_15,300.0,2023,ultra-calm
2023-04-17,WideCondor,600+600,600,800,79.8,100,52.0,5,WIN,300.0,Condor,12.27,177.9,0,0.75,2023_16,300.0,2023,normal
2023-04-24,Monday-RW,700,700,900,90.3,45,20.9,5,WIN,155.0,Bull Put,11.67,159.4,0,0.75,2023_17,300.0,2023,ultra-calm
2023-04-25,Normal,600,600,800,85.8,60,31.0,5,WIN,140.0,Bull Put,11.52,154.4,0,1.0,2023_17,300.0,2023,ultra-calm
2023-05-03,Wednesday-MW,650,650,850,90.3,50,24.0,5,WIN,150.0,Bull Put,11.84,148.1,0,0.75,2023_18,600.0,2023,ultra-calm
2023-05-04,Normal,600,600,800,86.6,60,31.0,5,WIN,140.0,Bull Put,11.73,151.5,1,1.0,2023_18,300.0,2023,ultra-calm
2023-05-08,Monday-RW,700,700,900,90.5,45,20.9,5,WIN,155.0,Bull Put,12.64,158.3,0,0.75,2023_19,300.0,2023,normal
2023-05-09,Normal,600,600,800,85.6,60,31.0,5,WIN,140.0,Bull Put,12.68,155.1,0,1.0,2023_19,300.0,2023,normal
2023-05-15,Monday-RW,650,650,850,90.1,45,20.9,6,WIN,155.0,Bull Put,13.17,148.8,0,0.75,2023_20,420.0,2023,normal
2023-05-16,Normal,600,600,800,86.9,60,31.0,5,WIN,140.0,Bull Put,13.29,150.1,0,1.0,2023_20,300.0,2023,normal
2023-05-22,Monday-RW,700,700,900,91.0,45,20.9,5,WIN,155.0,Bull Put,12.57,155.8,0,0.75,2023_21,300.0,2023,normal
2023-05-25,Normal,600,600,800,86.9,60,31.0,5,WIN,140.0,Bull Put,12.52,150.0,0,1.0,2023_21,300.0,2023,normal
2023-05-30,Normal,600,600,800,85.5,60,31.0,5,WIN,140.0,Bull Put,12.01,155.6,0,1.0,2023_22,300.0,2023,normal
2023-05-31,Wednesday-MW,650,650,850,88.6,50,24.0,5,WIN,150.0,Bull Put,11.97,155.6,0,0.75,2023_22,300.0,2023,ultra-calm
2023-06-05,Monday-RW,650,650,850,90.7,45,20.9,5,WIN,155.0,Bull Put,11.14,146.0,0,0.75,2023_23,600.0,2023,ultra-calm
2023-06-06,Aggressive,450,450,650,76.9,100,65.0,5,WIN,100.0,Bull Put,11.38,142.0,0,0.75,2023_23,600.0,2023,ultra-calm
2023-06-07,Wednesday-MW,600,600,800,89.3,50,24.0,5,WIN,150.0,Bull Put,11.44,140.6,0,0.75,2023_23,600.0,2023,ultra-calm
2023-06-12,Monday-RW,600,600,800,90.7,45,20.9,5,WIN,155.0,Bull Put,11.25,135.1,0,0.75,2023_24,600.0,2023,ultra-calm
2023-06-13,Aggressive,450,450,650,79.7,100,65.0,5,WIN,100.0,Bull Put,11.11,133.5,0,0.75,2023_24,600.0,2023,ultra-calm
2023-06-14,Wednesday-MW,600,600,800,92.0,50,24.0,5,WIN,150.0,Bull Put,11.16,129.6,0,0.75,2023_24,600.0,2023,ultra-calm
2023-06-19,Monday-RW,600,600,800,90.7,45,20.9,6,WIN,155.0,Bull Put,11.23,134.9,0,0.75,2023_25,600.0,2023,ultra-calm
2023-06-20,Aggressive,450,450,650,78.2,100,65.0,6,WIN,100.0,Bull Put,11.13,138.0,0,0.75,2023_25,600.0,2023,ultra-calm
2023-06-21,Wednesday-MW,600,600,800,91.0,50,24.0,5,WIN,150.0,Bull Put,11.29,133.9,0,0.75,2023_25,600.0,2023,ultra-calm
2023-06-26,Monday-RW,600,600,800,92.1,45,20.9,5,WIN,155.0,Bull Put,11.4,128.9,0,0.75,2023_26,600.0,2023,ultra-calm
2023-06-27,Aggressive,450,450,650,81.1,100,65.0,5,WIN,100.0,Bull Put,10.78,129.3,0,0.75,2023_26,600.0,2023,ultra-calm
2023-06-28,Wednesday-MW,600,600,800,91.0,50,24.0,5,WIN,150.0,Bull Put,10.89,133.8,0,0.75,2023_26,600.0,2023,ultra-calm
2023-07-04,Normal,550,550,750,86.1,60,31.0,5,WIN,140.0,Bull Put,11.7,140.4,2,1.0,2023_27,420.0,2023,ultra-calm
2023-07-05,Normal,550,550,750,87.3,60,31.0,5,WIN,140.0,Bull Put,11.88,136.2,2,1.0,2023_27,420.0,2023,ultra-calm
2023-07-10,Monday-RW,650,650,850,92.0,45,20.9,5,WIN,155.0,Bull Put,11.46,140.2,1,0.75,2023_28,420.0,2023,ultra-calm
2023-07-11,Normal,550,550,750,86.1,60,31.0,5,WIN,140.0,Bull Put,11.01,140.7,1,1.0,2023_28,420.0,2023,ultra-calm
2023-07-18,Normal,600,600,800,88.0,60,31.0,6,WIN,140.0,Bull Put,11.71,145.7,1,1.0,2023_29,420.0,2023,ultra-calm
2023-07-19,Normal,600,600,800,88.4,60,31.0,6,WIN,140.0,Bull Put,11.6,144.2,2,1.0,2023_29,420.0,2023,ultra-calm
2023-07-24,Monday-RW,700,700,900,90.9,45,20.9,5,WIN,155.0,Bull Put,11.65,156.6,0,0.75,2023_30,300.0,2023,ultra-calm
2023-07-25,Near-VC,700,700,900,91.5,80,44.0,5,WIN,120.0,Bull Put,10.24,153.5,0,0.75,2023_30,300.0,2023,ultra-calm
2023-07-31,WideCondor,600+600,600,800,84.3,100,64.2,5,WIN,300.0,Condor,10.41,160.4,0,0.75,2023_31,300.0,2023,ultra-calm
2023-08-08,WideCondor,600+600,600,800,84.1,100,52.0,7,WIN,300.0,Condor,11.33,160.9,0,0.75,2023_32,300.0,2023,ultra-calm
2023-08-16,Wednesday-MW,700,700,900,89.7,50,24.0,5,WIN,150.0,Bull Put,12.13,162.3,0,0.75,2023_33,300.0,2023,normal
2023-08-17,Normal,650,650,850,87.4,60,31.0,5,WIN,140.0,Bull Put,12.24,160.4,0,1.0,2023_33,300.0,2023,normal
2023-08-21,Monday-RW,700,700,900,90.9,45,20.9,6,WIN,155.0,Bull Put,11.96,156.6,0,0.75,2023_34,300.0,2023,ultra-calm
2023-08-22,Aggressive,500,500,700,79.3,100,65.0,6,WIN,100.0,Bull Put,11.75,149.9,0,0.75,2023_34,600.0,2023,ultra-calm
2023-08-23,Wednesday-MW,650,650,850,90.6,50,24.0,7,WIN,150.0,Bull Put,11.73,146.7,0,0.75,2023_34,600.0,2023,ultra-calm
2023-08-28,Monday-RW,700,700,900,92.3,45,20.9,5,WIN,155.0,Bull Put,12.4,149.4,0,0.75,2023_35,420.0,2023,normal
2023-08-30,Wednesday-MW,600,600,800,88.9,50,24.0,5,WIN,150.0,Bull Put,11.8,142.2,0,0.75,2023_35,600.0,2023,ultra-calm
2023-09-01,Aggressive,500,500,700,79.9,100,65.0,5,WIN,100.0,Bull Put,11.37,147.8,0,0.75,2023_35,600.0,2023,ultra-calm
2023-09-05,Near-VC,700,700,900,92.4,80,44.0,5,WIN,120.0,Bull Put,10.82,148.9,0,0.75,2023_36,600.0,2023,ultra-calm
2023-09-06,Wednesday-MW,650,650,850,90.2,50,24.0,5,WIN,150.0,Bull Put,10.68,148.6,0,0.75,2023_36,600.0,2023,ultra-calm
2023-09-12,Normal,650,650,850,88.4,60,31.0,7,WIN,140.0,Bull Put,11.69,156.5,2,1.0,2023_37,300.0,2023,ultra-calm
2023-09-13,Normal,600,600,800,85.4,60,31.0,7,WIN,140.0,Bull Put,11.83,156.1,2,1.0,2023_37,300.0,2023,ultra-calm
2023-09-18,Monday-RW,650,650,850,90.7,45,32.3,3,WIN,155.0,Bull Put,10.84,146.1,1,0.75,2023_38,420.0,2023,ultra-calm
2023-09-21,Normal,650,650,850,88.4,60,31.0,6,WIN,140.0,Bull Put,10.82,156.3,1,1.0,2023_38,300.0,2023,ultra-calm
2023-09-25,Normal,600,600,800,86.0,60,31.0,7,WIN,140.0,Bull Put,10.9,153.5,2,1.0,2023_39,300.0,2023,ultra-calm
2023-09-26,Normal,600,600,800,87.7,60,31.0,6,WIN,140.0,Bull Put,11.19,147.0,2,1.0,2023_39,420.0,2023,ultra-calm
2023-10-03,Normal,650,650,850,87.7,60,31.0,5,WIN,140.0,Bull Put,11.79,159.2,0,1.0,2023_40,300.0,2023,ultra-calm
2023-10-04,Wednesday-MW,700,700,900,89.9,50,24.0,5,WIN,150.0,Bull Put,11.66,161.4,0,0.75,2023_40,300.0,2023,ultra-calm
2023-10-10,Normal,650,650,850,87.0,60,31.0,5,WIN,140.0,Bull Put,11.27,162.4,0,1.0,2023_41,300.0,2023,ultra-calm
2023-10-11,Wednesday-MW,700,700,900,89.9,50,24.0,7,WIN,150.0,Bull Put,10.99,161.3,0,0.75,2023_41,300.0,2023,ultra-calm
2023-10-17,Aggressive,500,500,700,79.6,100,80.8,3,WIN,100.0,Bull Put,10.7,148.9,0,0.75,2023_42,600.0,2023,ultra-calm
2023-10-18,Wednesday-MW,650,650,850,89.6,50,36.5,3,WIN,150.0,Bull Put,10.97,151.2,0,0.75,2023_42,300.0,2023,ultra-calm
2023-10-23,Monday-RW,700,700,900,90.4,45,20.9,7,WIN,155.0,Bull Put,10.91,159.0,1,0.75,2023_43,300.0,2023,ultra-calm
2023-10-26,Bear-Call,650,650,850,83.8,60,32.0,7,WIN,140.0,Bear Call,11.73,175.8,2,0.75,2023_43,300.0,2023,ultra-calm
2023-10-31,Bear-Call,650,650,850,82.3,60,32.0,7,WIN,140.0,Bear Call,11.83,181.9,1,0.75,2023_44,200.0,2023,ultra-calm
2023-11-01,Wednesday-MW,700,700,900,86.4,50,24.0,5,WIN,150.0,Bull Put,12.05,177.7,1,0.75,2023_44,300.0,2023,normal
2023-11-06,WideCondor,600+600,600,800,80.1,100,52.0,5,WIN,300.0,Condor,11.11,176.4,2,0.75,2023_45,300.0,2023,ultra-calm
2023-11-13,Monday-RW,700,700,900,92.3,45,20.9,5,WIN,155.0,Bull Put,11.19,149.4,0,0.75,2023_46,600.0,2023,ultra-calm
2023-11-20,Monday-RW,700,700,900,91.0,45,20.9,5,WIN,155.0,Bull Put,12.15,156.2,0,0.75,2023_47,300.0,2023,normal
2023-11-21,Normal,600,600,800,85.7,60,31.0,5,WIN,140.0,Bull Put,12.23,154.7,0,1.0,2023_47,300.0,2023,normal
2023-11-30,Normal,600,600,800,88.3,60,31.0,5,WIN,140.0,Bull Put,12.69,144.6,0,1.0,2023_48,420.0,2023,normal
2023-12-06,Normal,650,650,850,86.6,60,31.0,5,WIN,140.0,Bull Put,13.74,164.1,2,1.0,2023_49,300.0,2023,normal
2023-12-07,Normal,650,650,850,87.8,60,31.0,5,WIN,140.0,Bull Put,12.67,158.8,2,1.0,2023_49,300.0,2023,normal
2023-12-11,Monday-RW,700,700,900,91.5,45,20.9,5,WIN,155.0,Bull Put,12.76,153.8,1,0.75,2023_50,300.0,2023,normal
2023-12-12,Normal,600,600,800,85.7,60,31.0,5,WIN,140.0,Bull Put,12.71,155.0,1,1.0,2023_50,300.0,2023,normal
2023-12-19,Normal,650,650,850,82.9,60,31.0,5,WIN,140.0,Bull Put,13.87,179.4,2,0.75,2023_51,300.0,2023,normal
2023-12-28,HighATR-Cautious,750,750,950,84.3,30,8.5,5,WIN,170.0,Bull Put,15.14,200.2,2,0.75,2023_52,200.0,2023,normal
2024-01-02,HighATR-Cautious,750,750,950,85.7,30,8.5,5,WIN,170.0,Bull Put,14.58,193.4,0,0.75,2024_01,200.0,2024,normal
2024-01-12,HighATR-Cautious,750,750,950,85.7,30,8.5,7,WIN,170.0,Bull Put,13.1,193.5,0,0.75,2024_02,200.0,2024,normal
2024-01-16,HighATR-Cautious,750,750,950,86.1,30,18.7,3,WIN,170.0,Bull Put,13.57,191.6,1,0.75,2024_03,200.0,2024,normal
2024-02-01,Near-VC,700,700,900,69.8,80,44.0,5,WIN,120.0,Bull Put,14.46,256.1,2,0.75,2024_05,200.0,2024,normal
2024-02-27,HighATR-Cautious,750,750,950,78.9,30,8.5,4,WIN,170.0,Bull Put,15.73,226.4,1,0.75,2024_09,200.0,2024,normal
2024-03-04,HighATR-Cautious,750,750,950,78.7,30,8.5,5,WIN,170.0,Bull Put,14.92,227.4,1,0.75,2024_10,200.0,2024,normal
2024-03-11,HighATR-Cautious,750,750,950,81.0,30,8.5,7,WIN,170.0,Bull Put,14.0,216.3,1,0.75,2024_11,200.0,2024,normal
2024-03-21,Near-VC,700,700,900,73.5,80,44.0,5,WIN,120.0,Bull Put,12.51,237.1,1,0.75,2024_12,200.0,2024,normal
2024-03-27,HighATR-Cautious,750,750,950,78.3,30,8.5,4,WIN,170.0,Bull Put,12.7,229.6,1,0.75,2024_13,200.0,2024,normal
2024-04-02,HighATR-Cautious,750,750,950,78.9,30,8.5,4,WIN,170.0,Bull Put,11.65,226.7,1,0.75,2024_14,200.0,2024,ultra-calm
2024-04-08,HighATR-Cautious,750,750,950,80.7,30,8.5,7,WIN,170.0,Bull Put,11.61,217.9,1,0.75,2024_15,200.0,2024,ultra-calm
2024-04-23,VIX-Collapse,700,700,900,76.0,100,62.0,5,WIN,100.0,Bull Put,10.2,225.2,1,0.75,2024_17,200.0,2024,ultra-calm
2024-04-24,VIX-Collapse,700,700,900,77.6,100,62.0,5,WIN,100.0,Bull Put,10.28,217.4,1,0.75,2024_17,200.0,2024,ultra-calm
2024-05-08,HighATR-Cautious,750,750,950,78.3,30,8.5,5,WIN,170.0,Bull Put,17.08,229.6,1,0.75,2024_19,200.0,2024,elevated
2024-07-16,HighATR-Cautious,750,750,950,78.9,30,8.5,6,WIN,170.0,Bull Put,14.22,226.5,1,0.75,2024_29,200.0,2024,normal
2024-07-23,Near-VC,700,700,900,69.0,80,44.0,5,WIN,120.0,Bull Put,12.75,260.5,1,0.75,2024_30,200.0,2024,normal
2024-08-27,HighATR-Cautious,750,750,950,79.8,30,8.5,4,WIN,170.0,Bull Put,13.63,222.0,2,0.75,2024_35,200.0,2024,normal
2024-09-03,HighATR-Cautious,750,750,950,85.9,30,18.7,3,WIN,170.0,Bull Put,13.84,192.7,1,0.75,2024_36,200.0,2024,normal
2024-09-09,HighATR-Cautious,750,750,950,84.0,30,8.5,4,WIN,170.0,Bull Put,14.24,201.9,1,0.75,2024_37,200.0,2024,normal
2024-09-16,HighATR-Cautious,750,750,950,81.9,30,8.5,4,WIN,170.0,Bull Put,12.46,212.1,1,0.75,2024_38,200.0,2024,normal
2024-09-24,HighATR-Cautious,750,750,950,82.3,30,-178.0,7,LOSS,170.0,Bull Put,13.39,210.1,2,0.75,2024_39,200.0,2024,normal
2024-10-01,HighATR-Cautious,750,750,950,81.7,30,-178.0,2,LOSS,170.0,Bull Put,11.99,213.1,2,0.75,2024_40,200.0,2024,ultra-calm
2025-01-31,Near-VC,700,700,900,68.9,80,44.0,5,WIN,120.0,Bull Put,16.25,261.3,1,0.75,2025_05,200.0,2025,elevated
2025-07-04,HighATR-Cautious,750,750,950,78.1,30,8.5,7,WIN,170.0,Bull Put,12.32,230.5,2,0.75,2025_27,200.0,2025,normal
2025-07-07,HighATR-Cautious,750,750,950,80.3,30,8.5,7,WIN,170.0,Bull Put,12.56,219.9,2,0.75,2025_28,200.0,2025,normal
2025-07-14,HighATR-Cautious,750,750,950,83.9,30,8.5,5,WIN,170.0,Bull Put,11.98,202.0,1,0.75,2025_29,200.0,2025,ultra-calm
2025-07-29,HighATR-Cautious,750,750,950,83.7,30,8.5,7,WIN,170.0,Bull Put,11.53,203.4,1,0.75,2025_31,200.0,2025,ultra-calm
2025-08-04,HighATR-Cautious,750,750,950,82.7,30,8.5,6,WIN,170.0,Bull Put,11.97,208.0,1,0.75,2025_32,200.0,2025,ultra-calm
2025-08-13,HighATR-Cautious,750,750,950,80.7,30,8.5,4,WIN,170.0,Bull Put,12.14,217.9,1,0.75,2025_33,200.0,2025,normal
2025-08-19,HighATR-Cautious,750,750,950,81.1,30,8.5,4,WIN,170.0,Bull Put,11.79,216.0,2,0.75,2025_34,200.0,2025,ultra-calm
2025-08-25,HighATR-Cautious,750,750,950,83.9,30,18.7,3,WIN,170.0,Bull Put,11.76,202.1,1,0.75,2025_35,200.0,2025,ultra-calm
2025-09-01,HighATR-Cautious,750,750,950,83.0,30,8.5,4,WIN,170.0,Bull Put,11.29,206.5,1,0.75,2025_36,200.0,2025,ultra-calm
2025-09-08,HighATR-Cautious,750,750,950,82.8,30,8.5,4,WIN,170.0,Bull Put,10.84,207.5,1,0.75,2025_37,200.0,2025,ultra-calm
2025-09-15,Normal,650,650,850,83.1,60,31.0,5,WIN,140.0,Bull Put,10.4,178.7,0,0.75,2025_38,300.0,2025,ultra-calm
2025-09-16,Normal,650,650,850,82.9,60,31.0,5,WIN,140.0,Bull Put,10.27,179.6,0,0.75,2025_38,300.0,2025,ultra-calm
2025-09-23,WideCondor,600+600,600,800,81.7,100,64.2,5,WIN,300.0,Condor,10.63,170.5,1,0.75,2025_39,300.0,2025,ultra-calm
2025-09-30,WideCondor,600+600,600,800,79.8,100,64.2,5,WIN,300.0,Condor,11.07,177.9,1,0.75,2025_40,300.0,2025,ultra-calm
2025-10-06,HighATR-Cautious,750,750,950,87.6,30,8.5,4,WIN,170.0,Bull Put,10.19,184.3,0,0.75,2025_41,200.0,2025,ultra-calm
2025-10-15,HighATR-Cautious,750,750,950,87.2,30,8.5,4,WIN,170.0,Bull Put,10.53,186.4,0,0.75,2025_42,200.0,2025,ultra-calm
2025-10-21,HighATR-Cautious,750,750,950,85.4,30,8.5,4,WIN,170.0,Bull Put,11.3,194.8,2,0.75,2025_43,200.0,2025,ultra-calm
2025-10-27,HighATR-Cautious,750,750,950,83.8,30,8.5,7,WIN,170.0,Bull Put,11.86,202.6,2,0.75,2025_44,200.0,2025,ultra-calm
2025-11-04,HighATR-Cautious,750,750,950,84.0,30,8.5,4,WIN,170.0,Bull Put,12.65,201.7,1,0.75,2025_45,200.0,2025,normal
2025-11-10,HighATR-Cautious,750,750,950,84.5,30,8.5,4,WIN,170.0,Bull Put,12.3,199.2,0,0.75,2025_46,200.0,2025,normal
2025-11-17,HighATR-Cautious,750,750,950,84.6,30,8.5,6,WIN,170.0,Bull Put,11.79,198.8,0,0.75,2025_47,200.0,2025,ultra-calm
2025-11-25,Near-VC,700,700,900,82.8,80,44.0,5,WIN,120.0,Bull Put,12.24,193.5,0,0.75,2025_48,200.0,2025,normal
2025-12-01,HighATR-Cautious,750,750,950,85.0,30,8.5,4,WIN,170.0,Bull Put,11.63,197.1,0,0.75,2025_49,200.0,2025,ultra-calm
2025-12-09,HighATR-Cautious,750,750,950,84.2,30,8.5,4,WIN,170.0,Bull Put,10.95,200.6,1,0.75,2025_50,200.0,2025,ultra-calm
2025-12-22,HighATR-Cautious,750,750,950,85.9,30,8.5,6,WIN,170.0,Bull Put,9.68,192.4,0,0.75,2025_52,200.0,2025,ultra-calm
2025-12-30,WideCondor,600+600,600,800,81.0,100,52.0,6,WIN,300.0,Condor,9.68,173.1,0,0.75,2026_01,300.0,2025,ultra-calm
2026-01-06,Normal,650,650,850,83.6,60,46.8,3,WIN,140.0,Bull Put,10.02,176.4,0,0.75,2026_02,300.0,2026,ultra-calm
2026-01-07,Wednesday-MW,700,700,900,87.5,50,24.0,7,WIN,150.0,Bull Put,9.95,172.3,0,0.75,2026_02,300.0,2026,ultra-calm
2026-01-13,HighATR-Cautious,750,750,950,82.8,30,8.5,7,WIN,170.0,Bull Put,11.2,207.6,2,0.75,2026_03,200.0,2026,ultra-calm
