Date,Tier,Side,Entry,ShortStrike,OTM,HoldDays,ActualBars,Safety%,VIX,ATR,Score,ClosestApproach,ClosestDay,CloseBreached,CloseBDay,IntradayBreached,IntradayBDay,Week,Risk,Year
2016-04-12,Cautious,Bull Put,7709.1,7059.1,650,7,7,100.0,16.02,53.1,0,713.9,1,False,,False,,2016_15,160.0,2016
2016-04-20,Wednesday-MW,Bull Put,7919.3,7319.3,600,7,7,100.0,17.08,62.0,0,469.8,7,False,,False,,2016_16,150.0,2016
2016-04-21,Normal,Bull Put,7897.0,7347.0,550,7,7,99.9,16.51,64.3,1,430.8,7,False,,False,,2016_16,140.0,2016
2016-04-25,Normal,Bull Put,7864.9,7314.9,550,7,7,99.9,16.57,64.7,0,382.8,7,False,,False,,2016_17,140.0,2016
2016-04-26,Normal,Bull Put,7955.4,7405.4,550,7,7,99.7,16.58,70.9,0,292.2,6,False,,False,,2016_17,140.0,2016
2016-05-02,Normal,Bull Put,7807.1,7257.1,550,7,7,99.3,17.09,76.7,0,421.6,4,False,,False,,2016_18,140.0,2016
2016-05-03,Cautious,Bull Put,7742.8,7092.8,650,7,7,99.7,17.46,82.3,1,586.0,3,False,,False,,2016_18,160.0,2016
2016-05-09,Normal,Bull Put,7868.6,7318.6,550,7,7,98.8,16.61,82.7,0,453.8,5,False,,False,,2016_19,140.0,2016
2016-05-10,Normal,Bull Put,7889.9,7339.9,550,7,7,99.0,16.42,81.0,0,427.2,7,False,,False,,2016_19,140.0,2016
2016-05-16,Normal,Bull Put,7859.3,7309.3,550,7,7,98.4,17.03,85.9,0,406.6,6,False,,False,,2016_20,140.0,2016
2016-05-17,Normal,Bull Put,7887.5,7337.5,550,7,7,98.5,16.37,85.6,0,378.4,5,False,,False,,2016_20,140.0,2016
2016-05-23,Normal,Bull Put,7729.4,7179.4,550,7,7,98.4,16.16,86.4,0,536.5,1,False,,False,,2016_21,140.0,2016
2016-05-24,Normal,Bull Put,7759.9,7209.9,550,7,7,98.7,16.22,83.5,0,601.9,1,False,,False,,2016_21,140.0,2016
2016-05-31,Normal,Bull Put,8160.6,7610.6,550,7,7,97.9,16.05,89.9,1,545.8,2,False,,False,,2016_22,140.0,2016
2016-06-01,Wednesday-MW,Bull Put,8180.2,7580.2,600,7,7,99.1,15.84,87.4,1,576.1,1,False,,False,,2016_22,150.0,2016
2016-06-06,Monday-RW,Bull Put,8205.5,7605.5,600,7,7,99.5,15.36,81.4,0,458.5,5,False,,False,,2016_23,155.0,2016
2016-06-07,Normal,Bull Put,8264.6,7714.6,550,7,7,98.9,14.87,81.9,1,349.4,4,False,,False,,2016_23,140.0,2016
2016-06-14,Normal,Bull Put,8111.6,7561.6,550,7,7,98.9,17.19,81.4,1,512.9,2,False,,False,,2016_24,140.0,2016
2016-06-15,Wednesday-MW,Bull Put,8199.4,7599.4,600,7,7,99.4,17.06,82.9,1,328.0,7,False,,False,,2016_24,150.0,2016
2016-06-20,Normal,Bull Put,8235.2,7685.2,550,7,7,98.2,17.52,87.9,0,242.1,4,False,,False,,2016_25,140.0,2016
2016-06-21,Normal,Bull Put,8208.4,7658.4,550,7,7,98.5,17.26,85.5,0,269.0,3,False,,False,,2016_25,140.0,2016
2016-06-27,Normal,Bull Put,8092.2,7542.2,550,7,7,95.7,18.53,102.9,1,549.4,1,False,,False,,2016_26,140.0,2016
2016-06-28,Normal,Bull Put,8127.1,7577.1,550,7,7,96.3,17.73,99.4,0,580.7,1,False,,False,,2016_26,140.0,2016
2016-07-04,Monday-RW,Bull Put,8370.4,7770.4,600,7,7,98.3,15.58,95.0,1,517.2,3,False,,False,,2016_27,155.0,2016
2016-07-05,Normal,Bull Put,8329.6,7779.6,550,7,7,97.5,15.36,92.5,1,508.0,2,False,,False,,2016_27,140.0,2016
2016-07-12,Normal,Bull Put,8516.1,7966.1,550,7,7,98.0,14.78,89.1,1,510.8,5,False,,False,,2016_28,140.0,2016
2016-07-13,Normal,Bull Put,8504.8,7954.8,550,7,7,98.4,15.33,86.2,2,522.2,4,False,,False,,2016_28,140.0,2016
2016-07-18,Monday-RW,Bull Put,8497.4,7897.4,600,7,7,99.2,15.99,85.5,1,579.6,1,False,,False,,2016_29,155.0,2016
2016-07-19,NarrowCondor,Bull Put,8535.4,8135.4,400,7,7,92.9,15.8,83.8,1,354.9,3,False,,False,,2016_29,180.0,2016
2016-07-19,NarrowCondor,Bear Call,8535.4,8935.4,400,7,7,92.9,15.8,83.8,1,261.8,7,False,,False,,2016_29,180.0,2016
2016-07-25,Monday-RW,Bull Put,8630.4,8030.4,600,7,7,99.4,15.72,82.9,1,499.5,7,False,,False,,2016_30,155.0,2016
2016-07-26,Normal,Bull Put,8584.7,8034.7,550,7,7,98.9,15.62,81.8,0,483.6,7,False,,False,,2016_30,140.0,2016
2016-08-01,Monday-RW,Bull Put,8647.1,8047.1,600,7,7,99.5,15.18,81.1,0,471.2,3,False,,False,,2016_31,155.0,2016
2016-08-02,Normal,Bull Put,8627.6,8077.6,550,7,7,99.0,15.69,80.7,0,440.7,2,False,,False,,2016_31,140.0,2016
2016-08-05,Near-VC,Bull Put,8679.3,7979.3,700,7,7,99.8,14.35,85.6,0,560.9,4,False,,False,,2016_31,120.0,2016
2016-08-08,Monday-RW,Bull Put,8700.2,8100.2,600,7,7,99.4,14.59,82.6,0,440.0,3,False,,False,,2016_32,155.0,2016
2016-08-09,NarrowCondor,Bull Put,8670.5,8270.5,400,7,7,93.1,14.54,83.1,0,269.7,2,False,,False,,2016_32,180.0,2016
2016-08-09,NarrowCondor,Bear Call,8670.5,9070.5,400,7,7,93.1,14.54,83.1,0,376.2,7,False,,False,,2016_32,180.0,2016
2016-08-16,NarrowCondor,Bull Put,8638.9,8238.9,400,7,7,92.7,14.18,84.4,0,342.1,5,False,,False,,2016_33,180.0,2016
2016-08-16,NarrowCondor,Bear Call,8638.9,9038.9,400,7,7,92.7,14.18,84.4,0,344.6,3,False,,False,,2016_33,180.0,2016
2016-08-22,Monday-RW,Bull Put,8626.9,8026.9,600,7,7,99.6,14.24,78.7,0,517.1,5,False,,False,,2016_34,155.0,2016
2016-08-23,NarrowCondor,Bull Put,8639.3,8239.3,400,7,7,94.9,13.9,77.4,0,304.7,4,False,,False,,2016_34,180.0,2016
2016-08-23,NarrowCondor,Bear Call,8639.3,9039.3,400,7,7,94.9,13.9,77.4,0,220.6,6,False,,False,,2016_34,180.0,2016
2016-08-29,Monday-RW,Bull Put,8619.2,8019.2,600,7,7,99.7,13.17,76.4,0,625.1,1,False,,False,,2016_35,155.0,2016
2016-08-30,Normal,Bull Put,8745.1,8195.1,550,7,7,99.0,13.02,80.3,0,558.9,1,False,,False,,2016_35,140.0,2016
2016-09-06,Normal,Bull Put,8944.2,8394.2,550,7,7,98.9,12.75,81.2,2,294.8,5,False,,False,,2016_36,140.0,2016
2016-09-07,Normal,Bull Put,8924.0,8374.0,550,7,7,99.1,13.15,79.4,2,315.0,4,False,,False,,2016_36,140.0,2016
2016-09-14,Normal,Bull Put,8739.2,8189.2,550,7,7,98.8,14.76,82.7,2,515.2,1,False,,False,,2016_37,140.0,2016
2016-09-15,NarrowCondor,Bull Put,8748.6,8348.6,400,7,7,94.1,14.68,80.1,1,366.5,7,False,,False,,2016_37,180.0,2016
2016-09-15,NarrowCondor,Bear Call,8748.6,9148.6,400,7,7,94.1,14.68,80.1,1,256.4,5,False,,False,,2016_37,180.0,2016
2016-09-19,Monday-RW,Bull Put,8809.0,8209.0,600,7,7,99.6,14.94,79.2,1,481.7,6,False,,False,,2016_38,155.0,2016
2016-09-20,Normal,Bull Put,8774.0,8224.0,550,7,7,99.3,14.78,77.6,1,335.1,7,False,,False,,2016_38,140.0,2016
2016-09-23,Near-VC,Bull Put,8825.1,8125.1,700,7,7,99.9,13.25,78.6,0,430.2,5,False,,False,,2016_38,120.0,2016
2016-09-27,NarrowCondor,Bull Put,8720.8,8320.8,400,7,7,93.9,14.25,80.6,0,234.6,3,False,,False,,2016_39,180.0,2016
2016-09-27,NarrowCondor,Bear Call,8720.8,9120.8,400,7,7,93.9,14.25,80.6,0,320.4,2,False,,False,,2016_39,180.0,2016
2016-10-03,VIX-Collapse,Bull Put,8740.2,8040.2,700,7,7,99.6,15.62,92.6,0,466.1,7,False,,False,,2016_40,100.0,2016
2016-10-04,Near-VC,Bull Put,8771.4,8071.4,700,7,7,99.7,14.99,89.3,0,435.0,6,False,,False,,2016_40,120.0,2016
2016-10-06,Cautious,Bull Put,8712.4,8062.4,650,7,7,99.4,14.84,89.8,0,444.0,5,False,,False,,2016_40,160.0,2016
2016-10-10,Monday-RW,Bull Put,8714.6,8114.6,600,7,7,99.2,14.29,84.9,0,391.8,3,False,,False,,2016_41,155.0,2016
2016-10-14,NarrowCondor,Bull Put,8586.5,8186.5,400,7,7,91.2,14.89,88.5,1,319.9,1,False,,False,,2016_41,180.0,2016
2016-10-14,NarrowCondor,Bear Call,8586.5,8986.5,400,7,7,91.2,14.89,88.5,1,250.1,6,False,,False,,2016_41,180.0,2016
2016-10-18,NarrowCondor,Bull Put,8667.7,8267.7,400,7,7,88.9,14.54,94.9,0,282.7,7,False,,False,,2016_42,180.0,2016
2016-10-18,NarrowCondor,Bear Call,8667.7,9067.7,400,7,7,88.9,14.54,94.9,0,331.4,4,False,,False,,2016_42,180.0,2016
2016-10-24,Monday-RW,Bull Put,8711.6,8111.6,600,7,7,99.2,14.33,85.8,1,364.5,7,False,,False,,2016_43,155.0,2016
2016-10-25,NarrowCondor,Bull Put,8692.9,8292.9,400,7,7,92.9,14.48,83.8,0,107.6,7,False,,False,,2016_43,180.0,2016
2016-10-25,NarrowCondor,Bear Call,8692.9,9092.9,400,7,7,92.9,14.48,83.8,0,423.4,4,False,,False,,2016_43,180.0,2016
2016-11-03,Bear-Call,Bear Call,8483.5,9033.5,550,7,7,98.9,16.47,82.2,0,435.4,5,False,,False,,2016_44,140.0,2016
2016-11-08,Bear-Call,Bear Call,8542.1,9092.1,550,7,7,98.6,16.77,84.4,0,494.0,2,False,,False,,2016_45,140.0,2016
2016-11-24,Bear-Call,Bear Call,7974.2,8524.2,550,7,7,91.7,17.16,119.7,2,273.5,5,False,,False,,2016_47,140.0,2016
2016-11-29,Normal,Bull Put,8147.0,7597.0,550,7,7,92.7,17.71,115.8,1,459.9,4,False,,False,,2016_48,140.0,2016
2016-11-30,Normal,Bull Put,8214.6,7664.6,550,7,7,93.1,16.85,114.3,2,392.3,3,False,,False,,2016_48,140.0,2016
2016-12-05,Normal,Bull Put,8139.1,7589.1,550,7,7,94.2,17.29,109.8,0,489.2,2,False,,False,,2016_49,140.0,2016
2016-12-06,Normal,Bull Put,8138.4,7588.4,550,7,7,95.1,17.11,105.4,0,489.9,1,False,,False,,2016_49,140.0,2016
2016-12-09,Near-VC,Bull Put,8255.4,7555.4,700,7,7,99.0,15.07,103.0,1,507.5,7,False,,False,,2016_49,120.0,2016
2016-12-13,NarrowCondor,Bull Put,8212.8,7812.8,400,7,7,86.7,15.92,100.7,0,152.3,7,False,,False,,2016_50,180.0,2016
2016-12-13,NarrowCondor,Bear Call,8212.8,8612.8,400,7,7,86.7,15.92,100.7,0,383.4,1,False,,False,,2016_50,180.0,2016
2016-12-19,Monday-RW,Bull Put,8101.4,7501.4,600,7,7,98.7,14.84,91.4,0,392.4,5,False,,False,,2016_51,155.0,2016
2016-12-20,Bear-Call,Bear Call,8090.6,8640.5,550,7,7,98.0,14.54,89.3,0,529.1,1,False,,False,,2016_51,140.0,2016
2016-12-27,Bear-Call,Bear Call,8030.9,8580.9,550,7,7,97.7,15.08,91.2,0,298.4,7,False,,False,,2016_52,140.0,2016
2016-12-28,Wednesday-MW,Bull Put,8036.8,7436.8,600,7,7,98.8,15.54,89.9,0,584.3,1,False,,False,,2016_52,150.0,2016
2017-01-02,Monday-RW,Bull Put,8179.2,7579.2,600,7,7,98.9,15.83,89.1,1,569.4,1,False,,False,,2017_01,155.0,2017
2017-01-03,NarrowCondor,Bull Put,8189.1,7789.1,400,7,7,91.5,15.96,87.8,0,391.9,1,False,,False,,2017_01,180.0,2017
2017-01-03,NarrowCondor,Bear Call,8189.1,8589.0,400,7,7,91.5,15.96,87.8,0,172.0,7,False,,False,,2017_01,180.0,2017
2017-01-09,Monday-RW,Bull Put,8234.5,7634.5,600,7,7,99.5,15.48,79.9,0,627.7,1,False,,False,,2017_02,155.0,2017
2017-01-10,NarrowCondor,Bull Put,8290.3,7890.3,400,7,7,94.6,15.2,78.4,0,432.2,1,False,,False,,2017_02,180.0,2017
2017-01-10,NarrowCondor,Bear Call,8290.3,8690.3,400,7,7,94.6,15.2,78.4,0,230.1,6,False,,False,,2017_02,180.0,2017
2017-01-17,Normal,Bull Put,8388.8,7838.8,550,7,7,99.4,15.39,74.9,1,489.2,4,False,,False,,2017_03,140.0,2017
2017-01-18,Wednesday-MW,Bull Put,8413.8,7813.8,600,7,7,99.8,15.18,74.6,1,514.3,3,False,,False,,2017_03,150.0,2017
2017-01-23,Monday-RW,Bull Put,8398.0,7798.0,600,7,7,99.8,15.91,73.7,0,601.5,1,False,,False,,2017_04,155.0,2017
2017-01-24,Normal,Bull Put,8476.8,7926.8,550,7,7,99.5,15.29,74.3,0,567.4,1,False,,False,,2017_04,140.0,2017
2017-01-31,Normal,Bull Put,8556.5,8006.5,550,7,7,99.4,16.83,76.4,0,531.2,1,False,,False,,2017_05,140.0,2017
2017-02-01,VIX-Collapse,Bull Put,8715.5,8015.5,700,7,7,99.8,13.97,84.1,1,670.3,1,False,,False,,2017_05,100.0,2017
2017-02-02,VIX-Collapse,Bull Put,8722.3,8022.3,700,7,7,99.9,13.52,83.2,0,685.5,1,False,,False,,2017_05,100.0,2017
2017-02-06,Monday-RW,Bull Put,8796.1,8196.1,600,7,7,99.6,13.4,79.8,0,516.9,7,False,,False,,2017_06,155.0,2017
2017-02-07,Normal,Bull Put,8770.8,8220.8,550,7,7,99.2,13.51,78.8,1,492.3,6,False,,False,,2017_06,140.0,2017
2017-02-13,Monday-RW,Bull Put,8802.0,8202.0,600,7,7,99.7,13.69,77.4,0,511.0,2,False,,False,,2017_07,155.0,2017
2017-02-14,NarrowCondor,Bull Put,8784.1,8384.1,400,7,7,95.5,13.8,75.3,0,328.9,1,False,,False,,2017_07,180.0,2017
2017-02-14,NarrowCondor,Bear Call,8784.1,9184.1,400,7,7,95.5,13.8,75.3,0,202.2,7,False,,False,,2017_07,180.0,2017
2017-02-20,Monday-RW,Bull Put,8884.2,8284.2,600,7,7,99.6,13.61,77.9,0,576.8,1,False,,False,,2017_08,155.0,2017
2017-02-21,Normal,Bull Put,8903.2,8353.2,550,7,7,99.3,13.53,76.6,0,507.0,7,False,,False,,2017_08,140.0,2017
2017-02-27,Monday-RW,Bull Put,8896.5,8296.5,600,7,7,99.8,13.68,72.8,0,563.8,4,False,,False,,2017_09,155.0,2017
2017-02-28,NarrowCondor,Bull Put,8875.2,8475.2,400,7,7,96.7,13.79,71.0,0,385.1,3,False,,False,,2017_09,180.0,2017
2017-02-28,NarrowCondor,Bear Call,8875.2,9275.2,400,7,7,96.7,13.79,71.0,0,282.9,2,False,,False,,2017_09,180.0,2017
2017-03-06,Monday-RW,Bull Put,8962.6,8362.6,600,7,7,99.8,13.64,72.3,0,529.6,2,False,,False,,2017_10,155.0,2017
2017-03-07,Normal,Bull Put,8945.0,8395.0,550,7,7,99.7,13.88,70.4,0,497.3,1,False,,False,,2017_10,140.0,2017
2017-03-15,Near-VC,Bull Put,9082.6,8382.6,700,7,7,100.0,12.42,73.5,0,636.8,5,False,,False,,2017_11,120.0,2017
2017-03-16,Thursday-EXP,Bull Put,9157.3,8607.3,550,1,1,100.0,11.91,73.6,1,540.9,1,False,,False,,2017_11,165.0,2017
2017-03-20,Monday-RW,Bull Put,9129.5,8529.5,600,7,7,99.8,12.02,71.5,1,489.9,2,False,,False,,2017_12,155.0,2017
2017-03-21,Aggressive,Bull Put,9126.1,8676.1,450,7,7,98.4,11.94,70.7,0,343.3,1,False,,False,,2017_12,100.0,2017
2017-03-23,Thursday-EXP,Bull Put,9081.8,8531.8,550,1,1,100.0,11.84,73.1,0,557.8,1,False,,False,,2017_12,165.0,2017
2017-03-24,NarrowCondor,Bull Put,9100.4,8700.4,400,7,7,96.5,11.98,71.6,0,324.2,1,False,,False,,2017_12,180.0,2017
2017-03-24,NarrowCondor,Bear Call,9100.4,9500.4,400,7,7,96.5,11.98,71.6,0,226.6,7,False,,False,,2017_12,180.0,2017
2017-03-27,Monday-RW,Bull Put,9052.9,8452.9,600,7,7,99.8,12.44,71.9,0,627.0,1,False,,False,,2017_13,155.0,2017
2017-03-28,NarrowCondor,Bull Put,9108.3,8708.3,400,7,7,96.7,12.12,70.8,0,401.0,1,False,,False,,2017_13,180.0,2017
2017-03-28,NarrowCondor,Bear Call,9108.3,9508.3,400,7,7,96.7,12.12,70.8,0,234.5,5,False,,False,,2017_13,180.0,2017
2017-04-03,Monday-RW,Bull Put,9243.0,8643.0,600,7,7,99.9,11.49,65.7,1,502.0,7,False,,False,,2017_14,155.0,2017
2017-04-05,Butterfly,Bull Put,9256.9,9056.9,200,5,5,83.0,11.55,65.2,0,105.1,5,False,,False,,2017_14,40.0,2017
2017-04-05,Butterfly,Bear Call,9256.9,9456.9,200,5,5,83.0,11.55,65.2,0,189.3,1,False,,False,,2017_14,40.0,2017
2017-04-06,Thursday-EXP,Bull Put,9256.6,8706.6,550,1,1,100.0,11.29,64.0,0,482.1,1,False,,False,,2017_14,165.0,2017
2017-04-07,Friday-SNP,Bull Put,9196.9,8596.9,600,6,6,100.0,11.69,64.3,0,498.9,6,False,,False,,2017_14,158.0,2017
2017-04-10,Butterfly,Bull Put,9176.8,8976.8,200,5,5,84.2,11.62,63.3,0,119.0,5,False,,False,,2017_15,40.0,2017
2017-04-10,Butterfly,Bear Call,9176.8,9376.8,200,5,5,84.2,11.62,63.3,0,130.5,2,False,,False,,2017_15,40.0,2017
2017-04-11,NarrowCondor,Bull Put,9233.8,8833.8,400,7,7,98.2,11.4,63.7,0,241.5,5,False,,False,,2017_15,180.0,2017
2017-04-11,NarrowCondor,Bear Call,9233.8,9633.8,400,7,7,98.2,11.4,63.7,0,387.5,1,False,,False,,2017_15,180.0,2017
2017-04-12,Wednesday-MW,Bull Put,9201.0,8601.0,600,7,7,100.0,11.63,65.1,0,474.2,4,False,,False,,2017_15,150.0,2017
2017-04-17,Butterfly,Bull Put,9139.4,8939.4,200,5,5,84.6,11.89,62.8,0,135.9,2,False,,False,,2017_16,40.0,2017
2017-04-17,Butterfly,Bear Call,9139.4,9339.4,200,5,5,84.6,11.89,62.8,0,114.3,5,False,,False,,2017_16,40.0,2017
2017-04-19,Wednesday-MW,Bull Put,9114.0,8514.0,600,7,7,99.9,12.22,65.5,0,574.9,2,False,,False,,2017_16,150.0,2017
2017-04-20,Thursday-EXP,Bull Put,9136.1,8586.1,550,1,1,100.0,11.56,63.4,0,502.9,1,False,,False,,2017_16,165.0,2017
2017-04-21,Friday-SNP,Bull Put,9119.3,8519.3,600,6,6,100.0,11.42,65.6,0,611.5,1,False,,False,,2017_16,158.0,2017
2017-04-24,Butterfly,Bull Put,9217.7,9017.7,200,5,5,80.8,11.63,68.5,0,252.3,4,False,,False,,2017_17,40.0,2017
2017-04-24,Butterfly,Bear Call,9217.7,9417.7,200,5,5,80.8,11.63,68.5,0,50.7,2,False,,False,,2017_17,40.0,2017
2017-04-27,Thursday-EXP,Bull Put,9328.7,8778.7,550,1,1,100.0,11.07,72.1,1,503.8,1,False,,False,,2017_17,165.0,2017
2017-04-28,Friday-SNP,Bull Put,9304.6,8704.6,600,6,6,99.9,10.86,71.2,0,565.4,1,False,,False,,2017_17,158.0,2017
2017-05-03,Wednesday-MW,Bull Put,9304.0,8704.0,600,7,7,99.9,11.53,70.1,0,568.0,2,False,,False,,2017_18,150.0,2017
2017-05-04,Butterfly,Bull Put,9356.8,9156.8,200,5,5,80.2,11.33,69.5,0,115.3,1,False,,False,,2017_18,40.0,2017
2017-05-04,Butterfly,Bear Call,9356.8,9556.8,200,5,5,80.2,11.33,69.5,0,106.5,5,False,,False,,2017_18,40.0,2017
2017-05-08,Monday-RW,Bull Put,9310.8,8710.8,600,7,7,99.9,11.67,71.1,0,597.0,1,False,,False,,2017_19,155.0,2017
2017-05-09,NarrowCondor,Bull Put,9317.3,8917.3,400,7,7,97.3,11.11,68.2,1,419.4,1,False,,False,,2017_19,180.0,2017
2017-05-09,NarrowCondor,Bear Call,9317.3,9717.3,400,7,7,97.3,11.11,68.2,1,185.1,6,False,,False,,2017_19,180.0,2017
2017-05-15,Monday-RW,Bull Put,9445.6,8845.6,600,7,7,99.9,10.68,65.8,1,496.3,7,False,,False,,2017_20,155.0,2017
2017-05-16,Normal,Bull Put,9510.2,8960.2,550,7,7,99.8,10.56,66.2,2,381.6,6,False,,False,,2017_20,140.0,2017
2017-05-19,NarrowCondor,Bull Put,9435.4,9035.4,400,7,7,96.8,11.3,70.4,0,306.5,3,False,,False,,2017_20,180.0,2017
2017-05-19,NarrowCondor,Bear Call,9435.4,9835.4,400,7,7,96.8,11.3,70.4,0,197.9,6,False,,False,,2017_20,180.0,2017
2017-05-22,Monday-RW,Bull Put,9438.0,8838.0,600,7,7,99.9,11.2,70.5,0,503.9,2,False,,False,,2017_21,155.0,2017
2017-05-24,Wednesday-MW,Bull Put,9370.1,8770.1,600,7,7,99.8,11.83,72.3,0,609.1,1,False,,False,,2017_21,150.0,2017
2017-05-25,Near-VC,Bull Put,9501.2,8801.2,700,7,7,99.9,10.45,78.1,0,694.9,1,False,,False,,2017_21,120.0,2017
2017-05-26,Friday-SNP,Bull Put,9580.9,8980.9,600,6,6,99.8,10.86,80.2,0,569.2,1,False,,False,,2017_21,158.0,2017
2017-05-30,Normal,Bull Put,9625.9,9075.9,550,7,7,99.2,11.77,78.8,1,514.2,2,False,,False,,2017_22,140.0,2017
2017-05-31,Wednesday-MW,Bull Put,9625.7,9025.7,600,7,7,99.7,11.76,76.0,1,564.3,1,False,,False,,2017_22,150.0,2017
2017-06-01,Thursday-EXP,Bull Put,9616.6,9066.6,550,1,1,100.0,11.31,73.8,0,571.0,1,False,,False,,2017_22,165.0,2017
2017-06-05,Monday-RW,Bull Put,9676.5,9076.5,600,7,7,99.9,11.02,70.6,0,504.2,7,False,,False,,2017_23,155.0,2017
2017-06-06,NarrowCondor,Bull Put,9636.9,9236.9,400,7,7,96.7,11.13,71.0,0,323.9,7,False,,False,,2017_23,180.0,2017
2017-06-06,NarrowCondor,Bear Call,9636.9,10036.9,400,7,7,96.7,11.13,71.0,0,348.6,2,False,,False,,2017_23,180.0,2017
2017-06-07,Butterfly,Bull Put,9662.1,9462.1,200,5,5,80.3,10.89,69.3,0,118.5,5,False,,False,,2017_23,40.0,2017
2017-06-07,Butterfly,Bear Call,9662.1,9862.1,200,5,5,80.3,10.89,69.3,0,173.9,1,False,,False,,2017_23,40.0,2017
2017-06-13,Butterfly,Bull Put,9597.5,9397.5,200,5,5,81.8,11.34,67.0,0,163.3,2,False,,False,,2017_24,40.0,2017
2017-06-13,Butterfly,Bear Call,9597.5,9797.5,200,5,5,81.8,11.34,67.0,0,121.0,5,False,,False,,2017_24,40.0,2017
2017-06-14,Wednesday-MW,Bull Put,9613.0,9013.0,600,7,7,99.9,11.18,65.3,0,547.8,1,False,,False,,2017_24,150.0,2017
2017-06-15,Thursday-EXP,Bull Put,9574.1,9024.1,550,1,1,100.0,11.33,64.7,0,541.6,1,False,,False,,2017_24,165.0,2017
2017-06-16,Friday-SNP,Bull Put,9578.0,8978.0,600,6,6,100.0,10.92,63.7,0,495.7,6,False,,False,,2017_24,158.0,2017
2017-06-19,Butterfly,Bull Put,9654.1,9454.1,200,5,5,82.5,10.63,65.9,0,19.6,5,False,,False,,2017_25,40.0,2017
2017-06-19,Butterfly,Bear Call,9654.1,9854.1,200,5,5,82.5,10.63,65.9,0,155.5,3,False,,False,,2017_25,40.0,2017
2017-06-20,Aggressive,Bull Put,9650.0,9200.0,450,7,7,99.3,10.66,63.5,0,248.8,7,False,,False,,2017_25,100.0,2017
2017-06-21,Wednesday-MW,Bull Put,9636.5,9036.5,600,7,7,100.0,10.92,61.9,0,412.3,6,False,,False,,2017_25,150.0,2017
2017-06-22,Thursday-EXP,Bull Put,9624.0,9074.0,550,1,1,100.0,11.21,63.2,0,491.4,1,False,,False,,2017_25,165.0,2017
2017-06-28,Butterfly,Bull Put,9492.8,9292.8,200,5,5,80.9,11.99,68.5,0,156.0,2,False,,False,,2017_26,40.0,2017
2017-06-28,Butterfly,Bear Call,9492.8,9692.8,200,5,5,80.9,11.99,68.5,0,43.0,4,False,,False,,2017_26,40.0,2017
2017-06-29,Thursday-EXP,Bull Put,9494.2,8944.2,550,1,1,100.0,11.38,69.5,0,504.5,1,False,,False,,2017_26,165.0,2017
2017-06-30,Friday-SNP,Bull Put,9525.0,8925.0,600,6,6,99.9,11.73,70.7,0,618.9,1,False,,False,,2017_26,158.0,2017
2017-07-03,Monday-RW,Bull Put,9615.5,9015.5,600,7,7,99.8,11.2,72.7,0,580.2,1,False,,False,,2017_27,155.0,2017
2017-07-04,Aggressive,Bull Put,9610.6,9160.6,450,7,7,98.3,11.28,71.4,0,446.8,1,False,,False,,2017_27,100.0,2017
2017-07-05,Butterfly,Bull Put,9641.4,9441.4,200,5,5,80.6,11.15,68.8,0,198.6,1,False,,False,,2017_27,40.0,2017
2017-07-05,Butterfly,Bear Call,9641.4,9841.4,200,5,5,80.6,11.15,68.8,0,11.5,4,False,,False,,2017_27,40.0,2017
2017-07-06,Thursday-EXP,Bull Put,9669.0,9119.0,550,1,1,100.0,10.98,68.3,0,523.9,1,False,,False,,2017_27,165.0,2017
2017-07-10,Monday-RW,Bull Put,9762.2,9162.2,600,7,7,99.9,10.91,69.9,0,617.1,1,False,,False,,2017_28,155.0,2017
2017-07-11,Normal,Bull Put,9786.4,9236.4,550,7,7,99.7,10.89,69.8,1,551.6,1,False,,False,,2017_28,140.0,2017
2017-07-17,Monday-RW,Bull Put,9913.6,9313.6,600,7,7,99.9,11.46,66.1,1,500.1,1,False,,False,,2017_29,155.0,2017
2017-07-19,Wednesday-MW,Bull Put,9902.0,9302.0,600,7,7,99.9,11.26,69.0,1,536.1,2,False,,False,,2017_29,150.0,2017
2017-07-24,Monday-RW,Bull Put,9965.5,9365.5,600,7,7,99.9,11.31,69.4,1,579.2,4,False,,False,,2017_30,155.0,2017
2017-07-25,Normal,Bull Put,9964.8,9414.8,550,7,7,99.7,10.91,68.8,1,530.0,3,False,,False,,2017_30,140.0,2017
2017-08-01,Aggressive,Bull Put,10120.4,9670.4,450,7,7,98.2,11.91,71.9,0,15.4,7,False,,False,,2017_31,100.0,2017
2017-08-02,Wednesday-MW,Bull Put,10058.1,9458.1,600,7,7,99.8,11.94,72.6,0,227.6,6,False,,False,,2017_31,150.0,2017
2017-08-03,Thursday-EXP,Bull Put,10003.9,9453.9,550,1,1,100.0,11.64,73.3,0,592.5,1,False,,False,,2017_31,165.0,2017
2017-08-07,Monday-RW,Bull Put,10049.6,9449.6,600,7,7,99.8,11.9,74.1,0,236.1,4,False,,False,,2017_32,155.0,2017
2017-08-10,NarrowCondor,Bull Put,9850.0,9450.0,400,7,7,93.5,13.8,82.0,1,235.7,1,False,,False,,2017_32,180.0,2017
2017-08-10,NarrowCondor,Bear Call,9850.0,10250.0,400,7,7,93.5,13.8,82.0,1,302.4,4,False,,False,,2017_32,180.0,2017
2017-08-14,NarrowCondor,Bull Put,9790.9,9390.9,400,7,7,91.0,14.38,89.1,1,349.4,4,False,,False,,2017_33,180.0,2017
2017-08-14,NarrowCondor,Bear Call,9790.9,10190.9,400,7,7,91.0,14.38,89.1,1,243.2,2,False,,False,,2017_33,180.0,2017
2017-08-21,NarrowCondor,Bull Put,9751.5,9351.5,400,7,7,88.6,14.82,95.8,0,401.4,1,False,,False,,2017_34,180.0,2017
2017-08-21,NarrowCondor,Bear Call,9751.5,10151.5,400,7,7,88.6,14.82,95.8,0,225.9,4,False,,False,,2017_34,180.0,2017
2017-08-28,Monday-RW,Bull Put,9911.9,9311.9,600,7,7,99.1,12.64,87.2,0,472.1,1,False,,False,,2017_35,155.0,2017
2017-08-30,Wednesday-MW,Bull Put,9886.4,9286.4,600,7,7,98.6,12.89,92.0,0,571.0,1,False,,False,,2017_35,150.0,2017
2017-08-31,Near-VC,Bull Put,9915.8,9215.8,700,7,7,99.7,11.95,90.2,0,645.5,2,False,,False,,2017_35,120.0,2017
2017-09-01,Friday-SNP,Bull Put,9971.0,9371.0,600,6,6,99.4,11.68,89.0,0,490.2,1,False,,False,,2017_35,158.0,2017
2017-09-05,Normal,Bull Put,9946.5,9396.5,550,7,7,98.0,12.89,89.3,0,486.1,1,False,,False,,2017_36,140.0,2017
2017-09-06,Wednesday-MW,Bull Put,9915.1,9315.1,600,7,7,99.0,13.12,87.5,0,598.3,2,False,,False,,2017_36,150.0,2017
2017-09-11,Monday-RW,Bull Put,10006.0,9406.0,600,7,7,99.3,12.36,83.8,0,622.2,1,False,,False,,2017_37,155.0,2017
2017-09-12,Aggressive,Bull Put,10087.6,9637.6,450,7,7,95.6,11.76,84.4,0,406.1,3,False,,False,,2017_37,100.0,2017
2017-09-13,Wednesday-MW,Bull Put,10085.7,9485.7,600,7,7,99.4,11.76,83.2,0,467.2,7,False,,False,,2017_37,150.0,2017
2017-09-14,Thursday-EXP,Bull Put,10087.0,9537.0,550,1,1,100.0,11.47,81.2,0,506.7,1,False,,False,,2017_37,165.0,2017
2017-09-18,Monday-RW,Bull Put,10154.4,9554.4,600,7,7,99.5,11.44,80.9,0,160.5,7,False,,False,,2017_38,155.0,2017
2017-09-19,Aggressive,Bull Put,10149.4,9699.4,450,7,7,97.0,11.47,78.6,0,-11.0,7,False,,True,7.0,2017_38,100.0,2017
2017-09-20,Wednesday-MW,Bull Put,10139.5,9539.5,600,7,7,99.7,11.63,75.5,0,148.9,6,False,,False,,2017_38,150.0,2017
2017-09-21,Thursday-EXP,Bull Put,10123.6,9573.6,550,1,1,100.0,11.63,77.3,0,379.4,1,False,,False,,2017_38,165.0,2017
2017-09-26,NarrowCondor,Bull Put,9855.2,9455.2,400,7,7,91.5,12.93,87.7,1,233.1,2,False,,False,,2017_39,180.0,2017
2017-09-26,NarrowCondor,Bear Call,9855.2,10255.2,400,7,7,91.5,12.93,87.7,1,266.0,7,False,,False,,2017_39,180.0,2017
2017-10-04,Wednesday-MW,Bull Put,9924.5,9324.5,600,7,7,98.1,11.8,96.4,1,557.5,1,False,,False,,2017_40,150.0,2017
2017-10-05,Thursday-EXP,Bull Put,9887.1,9337.1,550,1,1,100.0,11.71,94.1,1,570.5,1,False,,False,,2017_40,165.0,2017
2017-10-09,Monday-RW,Bull Put,9988.0,9388.0,600,7,7,98.6,11.39,91.9,1,567.9,2,False,,False,,2017_41,155.0,2017
2017-10-10,Aggressive,Bull Put,10013.8,9563.8,450,7,7,94.5,11.11,88.6,0,392.1,1,False,,False,,2017_41,100.0,2017
2017-10-12,Thursday-EXP,Bull Put,10098.0,9548.0,550,1,1,100.0,11.04,93.4,1,573.8,1,False,,False,,2017_41,165.0,2017
2017-10-16,Monday-RW,Bull Put,10233.0,9633.0,600,7,7,98.6,11.31,92.5,1,491.1,3,False,,False,,2017_42,155.0,2017
2017-10-17,Normal,Bull Put,10238.4,9688.4,550,7,7,98.1,11.61,88.7,2,435.8,2,False,,False,,2017_42,140.0,2017
2017-10-23,Monday-RW,Bull Put,10191.3,9591.3,600,7,7,99.0,12.33,87.9,0,591.2,1,False,,False,,2017_43,155.0,2017
2017-10-24,NarrowCondor,Bull Put,10207.7,9807.7,400,7,7,92.3,11.59,85.6,1,433.5,1,False,,False,,2017_43,180.0,2017
2017-10-24,NarrowCondor,Bear Call,10207.7,10607.7,400,7,7,92.3,11.59,85.6,1,155.1,7,False,,False,,2017_43,180.0,2017
2017-10-31,Normal,Bull Put,10340.0,9790.0,550,7,7,99.0,12.44,81.0,0,477.2,7,False,,False,,2017_44,140.0,2017
2017-11-01,Wednesday-MW,Bull Put,10441.5,9841.5,600,7,7,99.4,12.14,83.2,0,412.7,7,False,,False,,2017_44,150.0,2017
2017-11-07,NarrowCondor,Bull Put,10351.4,9951.4,400,7,7,93.1,13.24,83.1,0,142.8,5,False,,False,,2017_45,180.0,2017
2017-11-07,NarrowCondor,Bear Call,10351.4,10751.4,400,7,7,93.1,13.24,83.1,0,367.5,1,False,,False,,2017_45,180.0,2017
2017-11-15,Wednesday-MW,Bull Put,10129.5,9529.5,600,7,7,98.8,14.27,90.7,1,609.7,1,False,,False,,2017_46,150.0,2017
2017-11-16,Thursday-EXP,Bull Put,10231.5,9681.5,550,1,1,100.0,13.46,91.5,0,587.0,1,False,,False,,2017_46,165.0,2017
2017-11-20,Monday-RW,Bull Put,10297.0,9697.0,600,7,7,98.8,13.43,89.7,0,610.4,3,False,,False,,2017_47,155.0,2017
2017-11-21,Normal,Bull Put,10321.2,9771.2,550,7,7,98.2,13.72,87.7,0,441.0,7,False,,False,,2017_47,140.0,2017
2017-11-27,Monday-RW,Bull Put,10404.6,9804.6,600,7,7,99.5,13.03,81.0,0,229.1,7,False,,False,,2017_48,155.0,2017
2017-11-28,NarrowCondor,Bull Put,10363.8,9963.8,400,7,7,94.4,13.15,79.1,0,69.9,6,False,,False,,2017_48,180.0,2017
2017-11-28,NarrowCondor,Bear Call,10363.8,10763.8,400,7,7,94.4,13.15,79.1,0,371.5,1,False,,False,,2017_48,180.0,2017
2017-12-04,Monday-RW,Bull Put,10137.9,9537.9,600,7,7,99.1,14.86,86.5,1,495.8,2,False,,False,,2017_49,155.0,2017
2017-12-05,NarrowCondor,Bull Put,10122.1,9722.1,400,7,7,92.2,15.01,85.8,1,311.6,1,False,,False,,2017_49,180.0,2017
2017-12-05,NarrowCondor,Bear Call,10122.1,10522.1,400,7,7,92.2,15.01,85.8,1,193.3,4,False,,False,,2017_49,180.0,2017
2017-12-11,Monday-RW,Bull Put,10326.0,9726.0,600,7,7,99.0,14.15,88.5,0,350.1,5,False,,False,,2017_50,155.0,2017
2017-12-18,VIX-Collapse,Bull Put,10390.8,9690.8,700,7,7,97.8,13.12,115.5,0,715.4,1,False,,False,,2017_51,100.0,2017
2017-12-19,VIX-Collapse,Bull Put,10469.5,9769.5,700,7,7,98.1,12.19,112.9,1,658.8,2,False,,False,,2017_51,100.0,2017
2017-12-20,Cautious,Bull Put,10443.2,9793.2,650,7,7,97.6,12.19,108.9,2,630.1,7,False,,False,,2017_51,160.0,2017
2017-12-26,Normal,Bull Put,10525.6,9975.6,550,7,7,96.3,12.05,99.5,1,429.5,5,False,,False,,2017_52,140.0,2017
2017-12-27,Wednesday-MW,Bull Put,10475.1,9875.1,600,7,7,97.9,12.49,98.3,1,530.0,4,False,,False,,2017_52,150.0,2017
2018-01-02,NarrowCondor,Bull Put,10439.5,10039.5,400,7,7,88.6,13.69,95.7,0,390.4,1,False,,False,,2018_01,180.0,2018
2018-01-02,NarrowCondor,Bear Call,10439.5,10839.5,400,7,7,88.6,13.69,95.7,0,175.3,7,False,,False,,2018_01,180.0,2018
2018-01-09,Normal,Bull Put,10628.3,10078.3,550,7,7,98.4,13.85,86.3,0,514.6,1,False,,False,,2018_02,140.0,2018
2018-01-10,Wednesday-MW,Bull Put,10625.4,10025.4,600,7,7,99.3,14.04,84.6,0,572.3,2,False,,False,,2018_02,150.0,2018
2018-01-16,Normal,Bull Put,10711.1,10161.1,550,7,7,98.6,14.09,84.5,0,505.6,1,False,,False,,2018_03,140.0,2018
2018-01-17,Wednesday-MW,Bull Put,10794.3,10194.3,600,7,7,99.0,13.86,88.0,0,588.7,1,False,,False,,2018_03,150.0,2018
2018-01-25,Cautious,Bull Put,11064.5,10414.5,650,7,7,99.3,17.51,91.4,2,-132.5,7,False,,True,7.0,2018_04,160.0,2018
2018-01-29,Cautious,Bull Put,11124.7,10474.7,650,7,7,99.2,17.89,92.5,2,-192.7,6,True,7.0,True,6.0,2018_05,160.0,2018
2018-02-08,Near-VC,Bull Put,10579.3,9879.3,700,7,7,93.6,17.77,142.8,2,424.0,6,False,,False,,2018_06,120.0,2018
2018-02-12,Normal,Bull Put,10535.1,9985.1,550,7,7,85.8,17.88,141.5,2,318.2,4,False,,False,,2018_07,140.0,2018
2018-02-14,Near-VC,Bull Put,10459.8,9759.8,700,7,7,94.0,17.18,140.7,2,543.5,3,False,,False,,2018_07,120.0,2018
2018-02-19,CONDOR,Bull Put,10388.0,9888.0,500,7,7,80.0,16.67,147.4,2,460.2,1,False,,False,,2018_08,280.0,2018
2018-02-19,CONDOR,Bear Call,10388.0,10838.0,450,7,7,80.0,16.67,147.4,2,206.7,5,False,,False,,2018_08,280.0,2018
2018-02-26,Near-VC,Bull Put,10576.7,9876.7,700,7,7,95.3,13.7,133.0,0,264.8,6,False,,False,,2018_09,120.0,2018
2018-02-27,CONDOR,Bull Put,10551.0,10101.0,450,7,7,80.9,13.92,130.2,0,40.5,5,False,,False,,2018_09,280.0,2018
2018-02-27,CONDOR,Bear Call,10551.0,11001.0,450,7,7,80.9,13.92,130.2,0,465.9,1,False,,False,,2018_09,280.0,2018
2018-03-07,Wednesday-MW,Bull Put,10163.5,9563.5,600,7,7,92.2,15.7,128.9,1,583.1,1,False,,False,,2018_10,150.0,2018
2018-03-08,Near-VC,Bull Put,10236.4,9536.4,700,7,7,96.1,14.59,128.5,1,540.4,7,False,,False,,2018_10,120.0,2018
2018-03-09,Bear-Call,Bear Call,10229.8,10779.8,550,7,7,90.3,14.53,125.3,1,301.2,2,False,,False,,2018_10,140.0,2018
2018-03-12,Monday-RW,Bull Put,10423.5,9823.5,600,7,7,91.7,14.49,130.9,0,227.2,6,False,,False,,2018_11,155.0,2018
2018-03-14,Wednesday-MW,Bull Put,10415.6,9815.6,600,7,7,92.8,14.36,125.9,1,136.5,7,False,,False,,2018_11,150.0,2018
2018-03-19,Monday-RW,Bull Put,10094.0,9494.0,600,7,7,92.5,15.82,127.2,1,458.1,4,False,,False,,2018_12,155.0,2018
2018-03-20,Bear-Call,Bear Call,10138.2,10688.2,550,7,7,90.2,15.61,125.6,1,461.0,1,False,,False,,2018_12,140.0,2018
2018-03-26,Monday-RW,Bull Put,10140.8,9540.8,600,7,7,92.3,15.2,128.4,0,557.0,2,False,,False,,2018_13,155.0,2018
2018-03-28,Wednesday-MW,Bull Put,10121.2,9521.2,600,7,7,93.8,15.76,121.3,0,590.3,3,False,,False,,2018_13,150.0,2018
2018-04-02,Monday-RW,Bull Put,10217.0,9617.0,600,7,7,94.2,15.35,119.7,1,494.5,2,False,,False,,2018_14,155.0,2018
2018-04-03,NarrowCondor,Bull Put,10244.4,9844.4,400,7,7,80.3,15.19,117.1,1,267.1,1,False,,False,,2018_14,180.0,2018
2018-04-03,NarrowCondor,Bear Call,10244.4,10644.4,400,7,7,80.3,15.19,117.1,1,174.5,7,False,,False,,2018_14,180.0,2018
2018-04-09,Monday-RW,Bull Put,10373.4,9773.4,600,7,7,94.3,14.87,119.1,1,582.5,2,False,,False,,2018_15,155.0,2018
2018-04-10,NarrowCondor,Bull Put,10401.4,10001.4,400,7,7,81.4,14.5,114.3,0,354.5,1,False,,False,,2018_15,180.0,2018
2018-04-10,NarrowCondor,Bear Call,10401.4,10801.4,400,7,7,81.4,14.5,114.3,0,208.1,6,False,,False,,2018_15,180.0,2018
2018-04-17,NarrowCondor,Bull Put,10547.5,10147.5,400,7,7,85.0,14.04,105.1,0,362.2,1,False,,False,,2018_16,180.0,2018
2018-04-17,NarrowCondor,Bear Call,10547.5,10947.5,400,7,7,85.0,14.04,105.1,0,309.5,4,False,,False,,2018_16,180.0,2018
2018-04-23,Monday-RW,Bull Put,10582.8,9982.8,600,7,7,98.3,13.15,94.8,1,554.0,2,False,,False,,2018_17,155.0,2018
2018-04-24,Aggressive,Bull Put,10620.4,10170.4,450,7,7,93.3,11.9,92.9,0,366.4,1,False,,False,,2018_17,100.0,2018
2018-04-26,Thursday-EXP,Bull Put,10615.5,10065.5,550,1,1,100.0,12.04,90.5,0,586.1,1,False,,False,,2018_17,165.0,2018
2018-04-30,Monday-RW,Bull Put,10740.9,10140.9,600,7,7,98.9,12.36,89.5,0,460.8,3,False,,False,,2018_18,155.0,2018
2018-05-02,Wednesday-MW,Bull Put,10716.8,10116.8,600,7,7,98.8,12.84,89.8,0,484.9,2,False,,False,,2018_18,150.0,2018
2018-05-07,Monday-RW,Bull Put,10722.8,10122.8,600,7,7,98.8,13.76,90.7,0,566.7,1,False,,False,,2018_19,155.0,2018
2018-05-08,NarrowCondor,Bull Put,10714.3,10314.3,400,7,7,91.0,14.06,89.1,0,350.8,7,False,,False,,2018_19,180.0,2018
2018-05-08,NarrowCondor,Bear Call,10714.3,11114.3,400,7,7,91.0,14.06,89.1,0,185.3,5,False,,False,,2018_19,180.0,2018
2018-05-14,Monday-RW,Bull Put,10797.1,10197.1,600,7,7,99.1,14.25,86.4,0,220.9,7,False,,False,,2018_20,155.0,2018
2018-05-15,Normal,Bull Put,10804.0,10254.0,550,7,7,97.8,13.17,90.8,0,163.9,6,False,,False,,2018_20,140.0,2018
2018-05-21,Monday-RW,Bull Put,10520.4,9920.4,600,7,7,98.4,14.41,94.3,1,497.6,2,False,,False,,2018_21,155.0,2018
2018-05-22,NarrowCondor,Bull Put,10543.2,10143.2,400,7,7,89.8,13.6,92.4,1,274.7,1,False,,False,,2018_21,180.0,2018
2018-05-22,NarrowCondor,Bear Call,10543.2,10943.2,400,7,7,89.8,13.6,92.4,1,179.7,7,False,,False,,2018_21,180.0,2018
2018-05-28,Monday-RW,Bull Put,10683.1,10083.1,600,7,7,98.1,13.06,96.8,0,467.9,6,False,,False,,2018_22,155.0,2018
2018-05-29,Normal,Bull Put,10631.0,10081.0,550,7,7,96.8,13.07,97.1,0,470.0,5,False,,False,,2018_22,140.0,2018
2018-06-04,Monday-RW,Bull Put,10624.5,10024.5,600,7,7,97.3,13.88,102.6,0,526.5,1,False,,False,,2018_23,155.0,2018
2018-06-05,NarrowCondor,Bull Put,10605.8,10205.8,400,7,7,86.6,13.32,101.0,0,382.0,1,False,,False,,2018_23,180.0,2018
2018-06-05,NarrowCondor,Bear Call,10605.8,11005.8,400,7,7,86.6,13.32,101.0,0,112.7,6,False,,False,,2018_23,180.0,2018
2018-06-11,Monday-RW,Bull Put,10782.0,10182.0,600,7,7,97.6,13.18,100.5,0,519.6,6,False,,False,,2018_24,155.0,2018
2018-06-12,Normal,Bull Put,10852.4,10302.4,550,7,7,96.5,12.73,98.7,1,399.2,5,False,,False,,2018_24,140.0,2018
2018-06-18,Monday-RW,Bull Put,10795.0,10195.0,600,7,7,98.9,12.38,89.5,0,457.6,7,False,,False,,2018_25,155.0,2018
2018-06-20,Wednesday-MW,Bull Put,10773.3,10173.3,600,7,7,99.0,12.17,88.4,0,385.0,6,False,,False,,2018_25,150.0,2018
2018-06-26,NarrowCondor,Bull Put,10764.0,10364.0,400,7,7,91.2,12.8,88.5,0,194.2,2,False,,False,,2018_26,180.0,2018
2018-06-26,NarrowCondor,Bear Call,10764.0,11164.0,400,7,7,91.2,12.8,88.5,0,378.0,7,False,,False,,2018_26,180.0,2018
2018-07-02,Monday-RW,Bull Put,10651.8,10051.8,600,7,7,97.9,13.37,98.3,0,578.5,1,False,,False,,2018_27,155.0,2018
2018-07-03,NarrowCondor,Bull Put,10707.9,10307.9,400,7,7,88.0,13.0,97.2,0,370.5,1,False,,False,,2018_27,180.0,2018
2018-07-03,NarrowCondor,Bear Call,10707.9,11107.9,400,7,7,88.0,13.0,97.2,0,29.8,7,False,,False,,2018_27,180.0,2018
2018-07-09,Monday-RW,Bull Put,10851.0,10251.0,600,7,7,98.5,12.39,93.1,0,626.0,1,False,,False,,2018_28,155.0,2018
2018-07-10,Normal,Bull Put,10947.1,10397.1,550,7,7,97.3,12.4,94.0,1,527.0,1,False,,False,,2018_28,140.0,2018
2018-07-17,Normal,Bull Put,11015.1,10465.1,550,7,7,97.5,12.83,92.7,1,470.5,2,False,,False,,2018_29,140.0,2018
2018-07-19,Thursday-EXP,Bull Put,10967.2,10417.2,550,1,1,100.0,13.59,92.8,1,529.3,1,False,,False,,2018_29,165.0,2018
2018-07-23,Monday-RW,Bull Put,11079.0,10479.0,600,7,7,98.7,13.01,91.3,1,614.0,1,False,,False,,2018_30,155.0,2018
2018-07-24,Normal,Bull Put,11133.1,10583.1,550,7,7,98.0,12.47,89.4,1,530.4,1,False,,False,,2018_30,140.0,2018
2018-07-30,Normal,Bull Put,11312.9,10762.9,550,7,7,98.7,12.59,83.9,2,472.1,3,False,,False,,2018_31,140.0,2018
2018-07-31,Normal,Bull Put,11357.2,10807.2,550,7,7,98.6,12.48,84.9,2,427.8,2,False,,False,,2018_31,140.0,2018
2018-08-06,Monday-RW,Bull Put,11389.2,10789.2,600,7,7,99.1,12.56,86.5,0,551.5,5,False,,False,,2018_32,155.0,2018
2018-08-07,NarrowCondor,Bull Put,11389.1,10989.1,400,7,7,92.4,12.58,85.2,0,351.6,4,False,,False,,2018_32,180.0,2018
2018-08-07,NarrowCondor,Bear Call,11389.1,11789.1,400,7,7,92.4,12.58,85.2,0,294.0,2,False,,False,,2018_32,180.0,2018
2018-08-14,NarrowCondor,Bull Put,11433.7,11033.7,400,7,7,93.9,13.28,80.6,0,332.9,1,False,,False,,2018_33,180.0,2018
2018-08-14,NarrowCondor,Bear Call,11433.7,11833.7,400,7,7,93.9,13.28,80.6,0,132.9,7,False,,False,,2018_33,180.0,2018
2018-08-20,Monday-RW,Bull Put,11554.5,10954.5,600,7,7,99.4,13.03,83.1,0,577.8,3,False,,False,,2018_34,155.0,2018
2018-08-21,Normal,Bull Put,11571.2,11021.2,550,7,7,99.1,12.9,80.1,0,511.0,2,False,,False,,2018_34,140.0,2018
2018-08-27,Monday-RW,Bull Put,11696.8,11096.8,600,7,7,99.3,12.24,83.8,1,297.1,7,False,,False,,2018_35,155.0,2018
2018-08-28,Normal,Bull Put,11743.8,11193.8,550,7,7,98.8,12.43,82.3,0,200.1,6,False,,False,,2018_35,140.0,2018
2018-09-04,NarrowCondor,Bull Put,11523.1,11123.1,400,7,7,91.1,13.78,89.0,0,151.4,5,False,,False,,2018_36,180.0,2018
2018-09-04,NarrowCondor,Bear Call,11523.1,11923.1,400,7,7,91.1,13.78,89.0,0,320.4,3,False,,False,,2018_36,180.0,2018
2018-09-11,NarrowCondor,Bull Put,11282.0,10882.0,400,7,7,83.5,15.33,108.9,1,-12.8,5,False,,True,5.0,2018_37,180.0,2018
2018-09-11,NarrowCondor,Bear Call,11282.0,11682.0,400,7,7,83.5,15.33,108.9,1,159.0,1,False,,False,,2018_37,180.0,2018
2018-09-18,CONDOR,Bull Put,11282.2,10832.2,450,7,7,83.8,14.42,121.6,2,18.1,7,False,,False,,2018_38,280.0,2018
2018-09-18,CONDOR,Bear Call,11282.2,11682.2,400,7,7,83.8,14.42,121.6,2,335.9,2,False,,False,,2018_38,280.0,2018
2018-10-01,CONDOR,Bull Put,11014.6,10514.6,500,7,7,76.2,16.84,160.1,1,-375.6,7,True,3.0,True,3.0,2018_40,280.0,2018
2018-10-01,CONDOR,Bear Call,11014.6,11564.6,550,7,7,76.2,16.84,160.1,1,576.3,1,False,,False,,2018_40,280.0,2018
2018-11-09,CONDOR,Bull Put,10581.5,10031.5,550,7,7,80.8,17.77,159.2,1,410.4,2,False,,False,,2018_45,280.0,2018
2018-11-09,CONDOR,Bear Call,10581.5,11131.5,550,7,7,80.8,17.77,159.2,1,357.3,6,False,,False,,2018_45,280.0,2018
2018-11-13,CONDOR,Bull Put,10581.2,10081.2,500,7,7,76.2,18.7,160.3,1,431.9,7,False,,False,,2018_46,280.0,2018
2018-11-13,CONDOR,Bear Call,10581.2,11131.2,550,7,7,76.2,18.7,160.3,1,357.0,4,False,,False,,2018_46,280.0,2018
2018-11-20,CONDOR,Bull Put,10647.5,10147.5,500,7,7,81.3,19.33,143.1,1,342.9,3,False,,False,,2018_47,280.0,2018
2018-11-20,CONDOR,Bear Call,10647.5,11097.5,450,7,7,81.3,19.33,143.1,1,175.2,7,False,,False,,2018_47,280.0,2018
2018-11-27,Normal,Bull Put,10685.2,10135.2,550,7,7,86.9,18.32,137.5,1,453.0,7,False,,False,,2018_48,140.0,2018
2018-11-28,Near-VC,Bull Put,10721.5,10021.5,700,7,7,95.4,17.96,132.9,0,566.8,6,False,,False,,2018_48,120.0,2018
2018-12-03,CONDOR,Bull Put,10889.8,10439.8,450,7,7,81.3,18.22,128.8,2,-105.6,6,False,,True,6.0,2018_49,280.0,2018
2018-12-03,CONDOR,Bear Call,10889.8,11339.8,450,7,7,81.3,18.22,128.8,2,449.1,1,False,,False,,2018_49,280.0,2018
2018-12-12,VIX-Collapse,Bull Put,10736.9,10036.9,700,7,7,93.1,15.81,145.5,1,702.6,7,False,,False,,2018_50,100.0,2018
2018-12-13,Near-VC,Bull Put,10788.5,10088.5,700,7,7,93.7,15.55,142.4,1,561.4,7,False,,False,,2018_50,120.0,2018
2018-12-14,Cautious,Bull Put,10802.4,10152.4,650,7,7,92.8,15.16,136.7,1,382.5,7,False,,False,,2018_50,160.0,2018
2018-12-17,Normal,Bull Put,10885.0,10335.0,550,7,7,88.0,14.54,133.9,2,199.8,6,False,,False,,2018_51,140.0,2018
2018-12-18,Normal,Bull Put,10913.9,10363.9,550,7,7,88.7,14.58,131.1,2,171.0,5,False,,False,,2018_51,140.0,2018
2018-12-19,Normal,Bull Put,10961.2,10411.2,550,7,7,89.9,14.66,126.8,2,123.6,4,False,,False,,2018_51,140.0,2018
2018-12-24,Monday-RW,Bull Put,10672.0,10072.0,600,7,7,91.7,15.75,130.8,0,462.9,1,False,,False,,2018_52,155.0,2018
2018-12-26,Wednesday-MW,Bull Put,10742.0,10142.0,600,7,7,90.3,15.92,136.6,0,486.8,7,False,,False,,2018_52,150.0,2018
2019-01-01,Normal,Bull Put,10914.0,10364.0,550,7,7,89.8,15.33,127.0,1,264.8,3,False,,False,,2019_01,140.0,2019
2019-01-07,CONDOR,Bull Put,10770.6,10370.6,400,7,7,75.9,16.3,128.9,0,321.8,5,False,,False,,2019_02,280.0,2019
2019-01-07,CONDOR,Bear Call,10770.6,11220.6,450,7,7,75.9,16.3,128.9,0,292.8,7,False,,False,,2019_02,280.0,2019
2019-01-15,Normal,Bull Put,10884.5,10334.5,550,7,7,91.2,15.58,121.8,0,464.4,7,False,,False,,2019_03,140.0,2019
2019-01-16,Wednesday-MW,Bull Put,10888.6,10288.6,600,7,7,94.8,16.08,116.8,0,468.6,7,False,,False,,2019_03,150.0,2019
2019-01-22,Normal,Bull Put,10917.5,10367.5,550,7,7,94.3,17.99,109.2,0,216.5,5,False,,False,,2019_04,140.0,2019
2019-01-23,Wednesday-MW,Bull Put,10822.1,10222.1,600,7,7,95.9,18.09,110.8,1,361.8,4,False,,False,,2019_04,150.0,2019
2019-01-29,Normal,Bull Put,10679.1,10129.1,550,7,7,92.7,18.43,115.9,2,484.0,1,False,,False,,2019_05,140.0,2019
2019-01-30,Wednesday-MW,Bull Put,10640.2,10040.2,600,7,7,95.3,17.85,114.4,0,638.5,1,False,,False,,2019_05,150.0,2019
2019-02-01,Near-VC,Bull Put,10892.8,10192.8,700,7,7,96.7,15.72,123.8,0,621.8,1,False,,False,,2019_05,120.0,2019
2019-02-04,Monday-RW,Bull Put,10909.0,10309.0,600,7,7,93.5,15.72,123.1,1,409.8,7,False,,False,,2019_06,155.0,2019
2019-02-05,Normal,Bull Put,10935.6,10385.6,550,7,7,91.9,15.78,119.2,1,235.8,7,False,,False,,2019_06,140.0,2019
2019-02-11,Monday-RW,Bull Put,10899.9,10299.9,600,7,7,95.2,15.84,114.9,1,286.0,5,False,,False,,2019_07,155.0,2019
2019-02-12,NarrowCondor,Bull Put,10828.4,10428.4,400,7,7,81.9,15.75,112.9,1,157.5,4,False,,False,,2019_07,180.0,2019
2019-02-12,NarrowCondor,Bear Call,10828.4,11228.4,400,7,7,81.9,15.75,112.9,1,419.6,6,False,,False,,2019_07,180.0,2019
2019-02-20,Wednesday-MW,Bull Put,10742.2,10142.2,600,7,7,94.0,17.06,120.5,1,579.4,1,False,,False,,2019_08,150.0,2019
2019-02-21,Near-VC,Bull Put,10792.0,10092.0,700,7,7,97.5,16.05,118.2,1,637.5,3,False,,False,,2019_08,120.0,2019
2019-02-25,Normal,Bull Put,10879.1,10329.1,550,7,7,93.7,15.36,111.7,2,400.3,1,False,,False,,2019_09,140.0,2019
2019-02-28,Cautious,Bull Put,10801.8,10151.8,650,7,7,96.4,18.28,117.5,1,666.9,2,False,,False,,2019_09,160.0,2019
2019-03-05,Near-VC,Bull Put,10985.7,10285.7,700,7,7,97.4,15.66,118.8,0,714.4,1,False,,False,,2019_10,120.0,2019
2019-03-06,Wednesday-MW,Bull Put,11049.1,10449.1,600,7,7,95.0,15.61,115.8,1,560.1,2,False,,False,,2019_10,150.0,2019
2019-03-07,Normal,Bull Put,11053.0,10503.0,550,7,7,93.7,15.29,111.9,1,506.2,1,False,,False,,2019_10,140.0,2019
2019-03-11,Monday-RW,Bull Put,11175.9,10575.9,600,7,7,96.1,14.9,109.6,1,654.1,1,False,,False,,2019_11,155.0,2019
2019-03-12,Normal,Bull Put,11290.2,10740.2,550,7,7,93.6,15.1,112.1,2,536.7,1,False,,False,,2019_11,140.0,2019
2019-03-19,Normal,Bull Put,11539.9,10989.9,550,7,7,94.5,16.49,108.4,2,322.1,3,False,,False,,2019_12,140.0,2019
2019-03-20,Wednesday-MW,Bull Put,11516.6,10916.6,600,7,7,97.1,16.03,104.1,1,395.3,2,False,,False,,2019_12,150.0,2019
2019-03-25,Normal,Bull Put,11350.8,10800.8,550,7,7,94.2,16.67,109.7,1,551.9,1,False,,False,,2019_13,140.0,2019
2019-03-26,Normal,Bull Put,11493.0,10943.0,550,7,7,93.6,16.49,112.3,1,470.5,1,False,,False,,2019_13,140.0,2019
2019-04-04,Normal,Bull Put,11604.5,11054.5,550,7,7,92.0,18.65,118.9,1,495.2,2,False,,False,,2019_14,140.0,2019
2019-04-09,Cautious,Bull Put,11677.2,11027.2,650,7,7,96.1,20.28,119.2,1,523.5,2,False,,False,,2019_15,160.0,2019
2019-04-15,Cautious,Bull Put,11687.6,11037.6,650,7,7,97.6,21.39,108.6,1,527.2,4,False,,False,,2019_16,160.0,2019
2019-04-23,Cautious,Bull Put,11579.2,10929.2,650,7,7,97.2,24.65,111.5,1,642.4,7,False,,False,,2019_17,160.0,2019
2019-04-30,Cautious,Bull Put,11739.1,11089.1,650,7,7,96.4,21.83,117.2,1,162.8,7,False,,False,,2019_18,160.0,2019
2019-05-27,VIX-Collapse,Bull Put,11920.5,11220.5,700,7,7,87.8,16.19,171.2,2,610.1,7,False,,False,,2019_22,100.0,2019
2019-05-28,Cautious,Bull Put,11941.2,11191.2,750,7,7,91.3,15.92,165.7,2,578.4,7,False,,False,,2019_22,160.0,2019
2019-06-03,Normal,Bull Put,12092.4,11442.4,650,7,7,86.9,15.97,162.5,1,327.3,3,False,,False,,2019_23,140.0,2019
2019-06-04,Normal,Bull Put,12036.2,11386.2,650,7,7,88.2,15.63,157.3,1,383.4,2,False,,False,,2019_23,140.0,2019
2019-06-10,Monday-RW,Bull Put,11928.3,11228.3,700,7,7,91.2,14.98,155.2,0,396.9,7,False,,False,,2019_24,155.0,2019
2019-06-12,Wednesday-MW,Bull Put,11917.3,11267.3,650,7,7,90.5,14.12,147.0,0,357.9,5,False,,False,,2019_24,150.0,2019
2019-06-18,CONDOR,Bull Put,11700.8,11250.8,450,7,7,77.2,14.6,141.1,1,374.4,1,False,,False,,2019_25,280.0,2019
2019-06-18,CONDOR,Bear Call,11700.8,12150.8,450,7,7,77.2,14.6,141.1,1,240.0,7,False,,False,,2019_25,280.0,2019
2019-06-25,Normal,Bull Put,11776.9,11176.9,600,7,7,88.4,15.01,144.3,0,581.6,1,False,,False,,2019_26,140.0,2019
2019-06-26,Wednesday-MW,Bull Put,11840.1,11240.1,600,7,7,89.0,14.75,142.0,0,535.8,2,False,,False,,2019_26,150.0,2019
2019-07-01,Monday-RW,Bull Put,11864.5,11264.5,600,7,7,91.4,14.6,131.9,0,196.9,6,False,,False,,2019_27,155.0,2019
2019-07-02,Normal,Bull Put,11907.5,11357.5,550,7,7,89.1,14.25,129.7,0,104.0,5,False,,False,,2019_27,140.0,2019
2019-07-09,CONDOR,Bull Put,11552.7,11102.7,450,7,7,79.5,13.69,134.1,1,297.6,7,False,,False,,2019_28,280.0,2019
2019-07-09,CONDOR,Bear Call,11552.7,12002.7,450,7,7,79.5,13.69,134.1,1,296.1,5,False,,False,,2019_28,280.0,2019
2019-07-15,Near-VC,Bull Put,11587.6,10887.6,700,7,7,96.2,12.02,127.6,1,342.6,7,False,,False,,2019_29,120.0,2019
2019-07-16,Normal,Bull Put,11661.0,11111.0,550,7,7,90.3,11.56,125.3,1,119.2,6,False,,False,,2019_29,140.0,2019
2019-07-17,Wednesday-MW,Bull Put,11686.2,11086.2,600,7,7,94.1,11.8,120.3,0,124.4,7,False,,False,,2019_29,150.0,2019
2019-07-22,Bear-Call,Bear Call,11336.0,11886.0,550,7,7,89.5,13.01,128.3,2,487.9,1,False,,False,,2019_30,140.0,2019
2019-07-23,Bear-Call,Bear Call,11328.5,11878.5,550,7,7,90.1,13.43,125.9,2,517.4,2,False,,False,,2019_30,140.0,2019
2019-07-24,Bear-Call,Bear Call,11268.3,11818.3,550,7,7,90.1,12.76,126.1,2,457.2,1,False,,False,,2019_30,140.0,2019
2019-07-31,Wednesday-MW,Bull Put,11113.8,10513.8,600,7,7,91.5,13.59,131.8,1,269.0,3,False,,False,,2019_31,150.0,2019
2019-08-06,Cautious,Bull Put,10931.4,10231.4,700,7,7,91.3,16.12,154.4,1,605.2,1,False,,False,,2019_32,160.0,2019
2019-08-14,Wednesday-MW,Bull Put,11013.9,10313.9,700,7,7,89.8,16.36,161.6,1,323.9,6,False,,False,,2019_33,150.0,2019
2019-08-16,Normal,Bull Put,11042.5,10392.5,650,7,7,87.5,16.65,160.3,1,245.2,5,False,,False,,2019_33,140.0,2019
2019-08-19,CONDOR,Bull Put,11055.1,10555.1,500,7,7,77.2,16.75,156.6,1,82.6,4,False,,False,,2019_34,280.0,2019
2019-08-19,CONDOR,Bear Call,11055.1,11555.1,500,7,7,77.2,16.75,156.6,1,413.4,6,False,,False,,2019_34,280.0,2019
2019-08-27,CONDOR,Bull Put,11115.5,10615.5,500,7,7,75.0,16.01,164.2,1,131.1,5,False,,False,,2019_35,280.0,2019
2019-08-27,CONDOR,Bear Call,11115.5,11665.5,550,7,7,75.0,16.01,164.2,1,536.5,1,False,,False,,2019_35,280.0,2019
2019-09-04,Bear-Call,Bear Call,10836.9,11486.9,650,7,7,86.7,17.24,163.4,2,402.6,6,False,,False,,2019_36,140.0,2019
2019-09-05,Bear-Call,Bear Call,10840.7,11490.7,650,7,7,87.7,17.27,159.1,1,406.4,5,False,,False,,2019_36,140.0,2019
2019-09-09,Monday-RW,Bull Put,11004.3,10304.3,700,7,7,91.3,15.85,154.8,1,366.2,7,False,,False,,2019_37,155.0,2019
2019-09-11,Wednesday-MW,Bull Put,11019.0,10369.0,650,7,7,90.5,15.37,147.3,1,301.5,6,False,,False,,2019_37,150.0,2019
2019-09-18,Wednesday-MW,Bull Put,10848.6,10248.6,600,7,7,89.0,15.35,141.9,0,421.9,1,False,,False,,2019_38,150.0,2019
2019-09-19,Bear-Call,Bear Call,10696.8,11296.8,600,7,7,88.4,15.55,144.5,1,-397.6,2,True,2.0,True,1.0,2019_38,140.0,2019
2019-09-30,CONDOR,Bull Put,11478.1,10928.1,550,7,7,75.2,15.87,180.0,2,162.5,5,False,,False,,2019_40,280.0,2019
2019-09-30,CONDOR,Bear Call,11478.1,12028.1,550,7,7,75.2,15.87,180.0,2,474.5,1,False,,False,,2019_40,280.0,2019
2019-10-14,Normal,Bull Put,11329.8,10679.8,650,7,7,83.6,17.43,176.6,0,662.8,1,False,,False,,2019_42,140.0,2019
2019-10-15,Normal,Bull Put,11430.6,10780.6,650,7,7,84.3,16.85,173.4,1,630.6,1,False,,False,,2019_42,140.0,2019
2019-10-23,Wednesday-MW,Bull Put,11614.5,10914.5,700,7,7,90.9,16.54,156.5,0,576.5,2,False,,False,,2019_43,150.0,2019
2019-10-24,Normal,Bull Put,11585.1,10985.1,600,7,7,85.5,16.24,155.6,0,505.8,1,False,,False,,2019_43,140.0,2019
2019-10-30,Wednesday-MW,Bull Put,11849.8,11149.8,700,7,7,90.9,16.66,156.8,1,693.6,2,False,,False,,2019_44,150.0,2019
2019-10-31,Normal,Bull Put,11881.2,11281.2,600,7,7,86.3,16.28,152.3,1,562.1,1,False,,False,,2019_44,140.0,2019
2019-11-04,Monday-RW,Bull Put,11945.1,11295.1,650,7,7,91.5,15.93,142.7,1,507.8,7,False,,False,,2019_45,155.0,2019
2019-11-05,Normal,Bull Put,11918.6,11368.6,550,7,7,86.0,15.92,140.8,0,434.3,6,False,,False,,2019_45,140.0,2019
2019-11-11,CONDOR,Bull Put,11912.8,11462.8,450,7,7,79.9,16.25,133.1,0,340.1,2,False,,False,,2019_46,280.0,2019
2019-11-11,CONDOR,Bear Call,11912.8,12362.8,450,7,7,79.9,16.25,133.1,0,324.2,6,False,,False,,2019_46,280.0,2019
2019-11-19,CONDOR,Bull Put,11955.6,11555.6,400,7,7,79.0,15.41,120.7,0,328.0,3,False,,False,,2019_47,280.0,2019
2019-11-19,CONDOR,Bear Call,11955.6,12405.6,450,7,7,79.0,15.41,120.7,0,247.9,7,False,,False,,2019_47,280.0,2019
2019-11-25,Monday-RW,Bull Put,12079.0,11479.0,600,7,7,94.9,15.0,116.2,0,456.5,7,False,,False,,2019_48,155.0,2019
2019-11-26,Normal,Bull Put,12046.8,11496.8,550,7,7,92.5,14.84,116.9,0,438.7,6,False,,False,,2019_48,140.0,2019
2019-12-02,Monday-RW,Bull Put,12048.2,11448.2,600,7,7,95.8,14.2,111.5,0,384.2,7,False,,False,,2019_49,155.0,2019
2019-12-03,NarrowCondor,Bull Put,12001.0,11601.0,400,7,7,82.5,14.56,111.4,0,231.5,6,False,,False,,2019_49,180.0,2019
2019-12-03,NarrowCondor,Bear Call,12001.0,12401.0,400,7,7,82.5,14.56,111.4,0,319.8,2,False,,False,,2019_49,180.0,2019
2019-12-10,NarrowCondor,Bull Put,11861.2,11461.2,400,7,7,82.3,14.29,112.0,0,371.2,1,False,,False,,2019_50,180.0,2019
2019-12-10,NarrowCondor,Bear Call,11861.2,12261.2,400,7,7,82.3,14.29,112.0,0,-6.1,7,False,,True,7.0,2019_50,180.0,2019
2019-12-16,Monday-RW,Bull Put,12060.5,11460.5,600,7,7,96.3,13.42,108.8,0,610.4,1,False,,False,,2019_51,155.0,2019
2019-12-17,Normal,Bull Put,12174.4,11624.4,550,7,7,94.2,12.52,109.8,1,495.7,6,False,,False,,2019_51,140.0,2019
2019-12-23,Monday-RW,Bull Put,12266.1,11666.1,600,7,7,97.9,11.96,98.4,1,454.0,2,False,,False,,2019_52,155.0,2019
2019-12-24,NarrowCondor,Bull Put,12212.0,11812.0,400,7,7,88.0,11.63,97.2,1,162.4,7,False,,False,,2019_52,180.0,2019
2019-12-24,NarrowCondor,Bear Call,12212.0,12612.0,400,7,7,88.0,11.63,97.2,1,322.2,5,False,,False,,2019_52,180.0,2019
2020-01-02,Thursday-EXP,Bull Put,12282.4,11732.4,550,1,1,100.0,11.49,99.3,1,460.0,1,False,,False,,2020_01,165.0,2020
2020-01-07,Cautious,Bull Put,12060.3,11410.3,650,7,7,97.0,14.61,113.2,1,521.1,1,False,,False,,2020_02,160.0,2020
2020-01-13,Monday-RW,Bull Put,12329.6,11729.6,600,7,7,94.9,14.28,116.2,1,359.2,7,False,,False,,2020_03,155.0,2020
2020-01-14,Normal,Bull Put,12360.0,11810.0,550,7,7,93.5,13.91,112.5,1,278.8,6,False,,False,,2020_03,140.0,2020
2020-01-21,NarrowCondor,Bull Put,12169.6,11769.6,400,7,7,83.4,15.86,109.1,0,176.5,7,False,,False,,2020_04,180.0,2020
2020-01-21,NarrowCondor,Bear Call,12169.6,12569.6,400,7,7,83.4,15.86,109.1,0,297.6,3,False,,False,,2020_04,180.0,2020
2020-01-28,Cautious,Bull Put,12062.0,11412.0,650,7,7,96.8,17.3,114.7,0,203.8,3,False,,False,,2020_05,160.0,2020
2020-02-04,VIX-Collapse,Bull Put,11981.3,11281.3,700,7,7,93.2,14.38,144.8,2,672.8,1,False,,False,,2020_06,100.0,2020
2020-02-05,Near-VC,Bull Put,12092.0,11392.0,700,7,7,93.2,14.17,144.7,2,598.8,3,False,,False,,2020_06,120.0,2020
2020-02-06,Normal,Bull Put,12133.2,11583.2,550,7,7,86.3,13.78,139.8,2,407.5,2,False,,False,,2020_06,140.0,2020
2020-02-11,Normal,Bull Put,12110.5,11560.5,550,7,7,88.0,13.88,133.8,2,347.8,5,False,,False,,2020_07,140.0,2020
2020-02-12,Wednesday-MW,Bull Put,12203.9,11603.9,600,7,7,91.2,13.62,132.9,1,209.7,7,False,,False,,2020_07,150.0,2020
2020-02-18,CONDOR,Bull Put,12008.0,11558.0,450,7,7,80.5,14.51,131.1,0,-382.4,7,True,7.0,True,6.0,2020_08,280.0,2020
2020-02-18,CONDOR,Bear Call,12008.0,12408.0,400,7,7,80.5,14.51,131.1,0,256.8,2,False,,False,,2020_08,280.0,2020
2020-02-25,Bear-Call,Bear Call,11814.4,12364.4,550,7,7,87.7,16.9,134.8,0,581.8,1,False,,False,,2020_09,140.0,2020
2020-07-28,Cautious,Bull Put,11292.0,10542.0,750,7,7,90.0,23.64,172.5,2,340.4,4,False,,False,,2020_31,160.0,2020
2020-08-06,Cautious,Bull Put,11206.8,10456.8,750,7,7,89.7,23.15,173.6,2,655.5,6,False,,False,,2020_32,160.0,2020
2020-08-11,Cautious,Bull Put,11332.0,10582.0,750,7,7,92.5,21.36,159.3,2,530.3,3,False,,False,,2020_33,160.0,2020
2020-08-17,Cautious,Bull Put,11259.6,10559.6,700,7,7,91.3,21.31,154.5,1,695.8,1,False,,False,,2020_34,160.0,2020
2020-08-24,Normal,Bull Put,11472.9,10872.9,600,7,7,88.2,19.23,145.1,2,453.7,5,False,,False,,2020_35,140.0,2020
2020-08-25,Normal,Bull Put,11479.4,10929.4,550,7,7,85.7,19.32,142.1,1,397.2,4,False,,False,,2020_35,140.0,2020
2020-09-03,Cautious,Bull Put,11535.7,10835.7,700,7,7,91.8,20.5,152.3,1,349.6,4,False,,False,,2020_36,160.0,2020
2020-09-07,Cautious,Bull Put,11377.0,10627.0,750,7,7,93.1,22.01,155.8,1,558.3,2,False,,False,,2020_37,160.0,2020
2020-09-14,Cautious,Bull Put,11422.1,10722.1,700,7,7,92.1,21.19,150.4,1,303.0,7,False,,False,,2020_38,160.0,2020
2020-09-16,Normal,Bull Put,11600.0,11000.0,600,7,7,88.4,19.66,144.2,2,-209.2,6,True,6.0,True,6.0,2020_38,140.0,2020
2020-09-22,Cautious,Bull Put,11175.5,10425.5,750,7,7,92.8,21.41,157.7,2,365.4,2,False,,False,,2020_39,160.0,2020
2020-10-14,Cautious,Bull Put,11966.5,11216.5,750,7,7,91.9,20.21,162.2,2,445.7,1,False,,False,,2020_42,160.0,2020
2020-10-20,Cautious,Bull Put,11898.7,11148.7,750,7,7,91.4,22.69,164.8,2,458.0,7,False,,False,,2020_43,160.0,2020
2020-10-27,Cautious,Bull Put,11887.8,11137.8,750,7,7,91.4,22.2,164.9,1,398.3,3,False,,False,,2020_44,160.0,2020
2020-11-03,Cautious,Bull Put,11807.6,11057.6,750,7,7,90.1,24.24,171.9,1,699.0,1,False,,False,,2020_45,160.0,2020
2020-12-02,CONDOR,Bull Put,13104.1,12554.1,550,7,7,76.2,19.91,176.2,2,554.1,1,False,,False,,2020_49,280.0,2020
2020-12-02,CONDOR,Bear Call,13104.1,13654.1,550,7,7,76.2,19.91,176.2,2,75.6,7,False,,False,,2020_49,280.0,2020
2020-12-08,Normal,Bull Put,13389.3,12739.3,650,7,7,86.9,18.62,162.8,2,660.1,2,False,,False,,2020_50,140.0,2020
2020-12-09,Normal,Bull Put,13532.5,12882.5,650,7,7,86.9,18.92,162.5,2,516.9,1,False,,False,,2020_50,140.0,2020
2020-12-14,Normal,Bull Put,13554.9,12904.9,650,7,7,87.8,19.4,158.8,1,230.2,5,False,,False,,2020_51,140.0,2020
2020-12-15,Normal,Bull Put,13564.5,12914.5,650,7,7,88.1,19.35,157.5,1,220.6,4,False,,False,,2020_51,140.0,2020
2020-12-24,HighATR-Cautious,Bull Put,13740.4,12990.4,750,7,7,86.6,19.97,189.4,2,821.6,1,False,,False,,2020_52,170.0,2020
2021-01-06,Cautious,Bull Put,14134.0,13384.0,750,7,7,89.8,21.0,173.5,1,739.6,1,False,,False,,2021_01,160.0,2021
2021-06-02,HighATR-Cautious,Bull Put,15590.0,14840.0,750,7,7,85.6,17.21,193.8,2,727.7,5,False,,False,,2021_22,170.0,2021
2021-06-07,Normal,Bull Put,15747.0,15097.0,650,7,7,83.5,15.57,176.8,1,470.7,2,False,,False,,2021_23,140.0,2021
2021-06-08,Normal,Bull Put,15741.9,15091.9,650,7,7,84.9,15.23,171.0,1,475.9,1,False,,False,,2021_23,140.0,2021
2021-06-15,Normal,Bull Put,15859.2,15209.2,650,7,7,86.8,14.61,163.1,0,296.7,3,False,,False,,2021_24,140.0,2021
2021-06-16,Wednesday-MW,Bull Put,15755.7,15055.7,700,7,7,89.9,14.87,161.2,0,450.2,2,False,,False,,2021_24,150.0,2021
2021-06-22,CONDOR,Bull Put,15765.1,15215.1,550,7,7,78.9,14.74,166.0,0,452.5,7,False,,False,,2021_25,280.0,2021
2021-06-22,CONDOR,Bear Call,15765.1,16315.1,550,7,7,78.9,14.74,166.0,0,399.8,4,False,,False,,2021_25,280.0,2021
2021-06-28,Near-VC,Bull Put,15825.0,15125.0,700,7,7,90.7,13.4,157.3,0,511.3,4,False,,False,,2021_26,120.0,2021
2021-06-29,Normal,Bull Put,15751.4,15151.4,600,7,7,85.9,13.0,154.1,0,482.1,7,False,,False,,2021_26,140.0,2021
2021-07-06,CONDOR,Bull Put,15816.4,15366.4,450,7,7,75.2,12.28,147.2,0,267.1,3,False,,False,,2021_27,280.0,2021
2021-07-06,CONDOR,Bear Call,15816.4,16316.4,500,7,7,75.2,12.28,147.2,0,364.2,7,False,,False,,2021_27,280.0,2021
2021-07-12,Monday-RW,Bull Put,15689.5,15039.5,650,7,7,91.0,12.99,145.0,0,539.1,6,False,,False,,2021_28,155.0,2021
2021-07-14,Wednesday-MW,Bull Put,15845.4,15245.4,600,7,7,89.1,12.59,141.7,0,333.2,4,False,,False,,2021_28,150.0,2021
2021-07-16,Aggressive,Bull Put,15923.6,15473.6,450,7,7,79.3,11.71,134.8,0,41.0,7,False,,False,,2021_28,100.0,2021
2021-07-22,Aggressive,Bull Put,15827.7,15327.7,500,7,7,79.8,11.89,148.1,0,186.9,4,False,,False,,2021_29,100.0,2021
2021-07-23,Near-VC,Bull Put,15850.8,15150.8,700,7,7,92.8,11.76,146.9,0,363.9,3,False,,False,,2021_29,120.0,2021
2021-07-28,Wednesday-MW,Bull Put,15714.6,15064.6,650,7,7,89.2,13.69,152.9,0,674.0,1,False,,False,,2021_30,150.0,2021
2021-07-29,Normal,Bull Put,15784.9,15184.9,600,7,7,87.1,12.95,149.3,0,561.0,1,False,,False,,2021_30,140.0,2021
2021-08-02,Monday-RW,Bull Put,15887.5,15237.5,650,7,7,91.0,12.81,144.9,0,678.4,1,False,,False,,2021_31,155.0,2021
2021-08-04,Normal,Bull Put,16253.0,15653.0,600,7,7,85.9,13.21,154.1,2,509.8,5,False,,False,,2021_31,140.0,2021
2021-08-09,Normal,Bull Put,16254.1,15654.1,600,7,7,87.1,12.61,149.3,2,508.7,2,False,,False,,2021_32,140.0,2021
2021-08-10,Normal,Bull Put,16268.3,15668.3,600,7,7,87.0,12.71,149.8,1,494.5,1,False,,False,,2021_32,140.0,2021
2021-08-16,Monday-RW,Bull Put,16547.0,15897.0,650,7,7,90.5,13.46,147.2,1,480.1,3,False,,False,,2021_33,155.0,2021
2021-08-17,Normal,Bull Put,16605.5,16005.5,600,7,7,87.9,13.41,146.1,2,371.6,2,False,,False,,2021_33,140.0,2021
2021-08-24,Normal,Bull Put,16615.8,16015.8,600,7,7,86.2,13.19,153.0,1,551.2,3,False,,False,,2021_34,140.0,2021
2021-08-25,Wednesday-MW,Bull Put,16635.4,15985.4,650,7,7,90.1,13.5,148.9,1,581.5,2,False,,False,,2021_34,150.0,2021
2021-08-30,Monday-RW,Bull Put,16938.7,16238.7,700,7,7,91.6,13.32,152.9,1,678.0,1,False,,False,,2021_35,155.0,2021
2021-09-02,Normal,Bull Put,17233.8,16583.8,650,7,7,87.2,14.24,161.4,1,628.7,1,False,,False,,2021_35,140.0,2021
2021-09-06,Normal,Bull Put,17379.7,16779.7,600,7,7,85.6,15.11,155.4,2,474.8,2,False,,False,,2021_36,140.0,2021
2021-09-07,Normal,Bull Put,17357.5,16757.5,600,7,7,85.7,14.9,154.9,1,497.0,1,False,,False,,2021_36,140.0,2021
2021-09-13,Monday-RW,Bull Put,17350.7,16700.7,650,7,7,91.1,14.03,144.6,0,625.8,6,False,,False,,2021_37,155.0,2021
2021-09-15,Wednesday-MW,Bull Put,17518.3,16918.3,600,7,7,89.2,13.73,141.2,0,408.2,4,False,,False,,2021_37,150.0,2021
2021-09-21,Cautious,Bull Put,17564.1,16814.1,750,7,7,91.7,16.52,163.4,0,639.1,7,False,,False,,2021_38,160.0,2021
2021-09-29,Cautious,Bull Put,17708.5,16958.5,750,7,7,89.2,18.84,176.2,1,494.6,2,False,,False,,2021_39,160.0,2021
2021-10-01,Normal,Bull Put,17526.3,16876.3,650,7,7,84.3,17.21,173.5,0,708.6,1,False,,False,,2021_39,140.0,2021
2021-10-04,WideCondor,Bull Put,17700.5,17100.5,600,7,7,80.0,16.74,177.0,0,514.3,2,False,,False,,2021_40,300.0,2021
2021-10-04,WideCondor,Bear Call,17700.5,18300.5,600,7,7,80.0,16.74,177.0,0,102.8,7,False,,False,,2021_40,300.0,2021
2021-10-11,HighATR-Cautious,Bull Put,17953.7,17203.7,750,7,7,87.3,16.09,185.6,0,661.9,1,False,,False,,2021_41,170.0,2021
2021-10-19,HighATR-Cautious,Bull Put,18427.2,17677.2,750,7,7,87.0,17.38,187.4,2,123.5,7,False,,False,,2021_42,170.0,2021
2021-10-25,HighATR-Cautious,Bull Put,18136.5,17386.5,750,7,7,82.0,17.61,211.5,2,228.8,4,False,,False,,2021_43,170.0,2021
2021-11-01,HighATR-Cautious,Bull Put,17945.2,17195.2,750,7,7,78.5,17.24,228.8,1,563.0,2,False,,False,,2021_44,170.0,2021
2021-11-08,HighATR-Cautious,Bull Put,18080.7,17330.7,750,7,7,80.4,16.34,219.1,2,468.8,3,False,,False,,2021_45,170.0,2021
2021-11-15,HighATR-Cautious,Bull Put,18092.0,17342.0,750,7,7,83.3,15.47,205.0,1,-125.2,5,False,,True,4.0,2021_46,170.0,2021
2021-12-31,HighATR-Cautious,Bull Put,17364.2,16614.2,750,7,7,78.2,16.22,230.2,2,772.9,1,False,,False,,2021_52,170.0,2021
2022-01-13,HighATR-Cautious,Bull Put,18258.5,17508.5,750,7,7,82.8,16.7,207.6,2,-510.1,7,True,7.0,True,6.0,2022_02,170.0,2022
2022-01-17,HighATR-Cautious,Bull Put,18309.7,17559.7,750,7,7,85.2,16.77,196.2,1,-721.9,6,True,5.0,True,4.0,2022_03,170.0,2022
2022-07-12,HighATR-Cautious,Bull Put,16037.8,15287.8,750,7,7,81.2,18.55,215.5,2,571.5,2,False,,False,,2022_28,170.0,2022
2022-07-18,HighATR-Cautious,Bull Put,16281.4,15531.4,750,7,7,82.3,17.16,210.0,1,655.6,1,False,,False,,2022_29,170.0,2022
2022-07-26,HighATR-Cautious,Bull Put,16466.5,15716.5,750,7,7,85.3,18.17,195.7,1,1031.8,1,False,,False,,2022_30,170.0,2022
2022-08-12,Near-VC,Bull Put,17698.7,16998.7,700,7,7,81.8,17.61,198.3,1,348.3,6,False,,False,,2022_32,120.0,2022
2022-08-16,HighATR-Cautious,Bull Put,17828.3,17078.3,750,7,7,85.6,17.68,194.2,2,268.7,5,False,,False,,2022_33,170.0,2022
2022-08-23,HighATR-Cautious,Bull Put,17623.3,16873.3,750,7,7,83.9,19.05,202.0,2,294.9,4,False,,False,,2022_34,170.0,2022
2022-09-06,HighATR-Cautious,Bull Put,17651.6,16901.6,750,7,7,80.4,19.52,219.3,2,617.8,1,False,,False,,2022_36,170.0,2022
2022-09-12,HighATR-Cautious,Bull Put,17931.6,17181.6,750,7,7,84.0,17.94,201.5,1,249.4,5,False,,False,,2022_37,170.0,2022
2022-09-19,HighATR-Cautious,Bull Put,17631.8,16881.8,750,7,7,79.9,19.94,221.6,2,-60.9,7,True,7.0,True,7.0,2022_38,170.0,2022
2022-10-20,HighATR-Cautious,Bull Put,17565.2,16815.2,750,7,7,78.4,17.23,229.3,2,706.0,1,False,,False,,2022_42,170.0,2022
2022-10-25,HighATR-Cautious,Bull Put,17642.7,16892.7,750,7,7,80.7,16.88,217.6,1,762.0,1,False,,False,,2022_43,170.0,2022
2022-10-31,HighATR-Cautious,Bull Put,18015.7,17265.7,750,7,7,83.0,15.8,206.6,2,698.9,3,False,,False,,2022_44,170.0,2022
2022-11-07,HighATR-Cautious,Bull Put,18203.3,17453.3,750,7,7,86.8,15.59,188.4,1,516.2,2,False,,False,,2022_45,170.0,2022
2022-11-14,HighATR-Cautious,Bull Put,18320.2,17570.2,750,7,7,87.1,14.91,186.8,0,563.7,5,False,,False,,2022_46,170.0,2022
2022-11-21,WideCondor,Bull Put,18158.0,17558.0,600,7,7,81.0,14.8,173.0,0,580.5,1,False,,False,,2022_47,300.0,2022
2022-11-21,WideCondor,Bear Call,18158.0,18758.0,600,7,7,81.0,14.8,173.0,0,-53.0,7,True,7.0,True,7.0,2022_47,300.0,2022
2022-11-28,Normal,Bull Put,18553.4,17903.4,650,7,7,86.1,13.57,166.0,1,625.7,7,False,,False,,2022_48,140.0,2022
2022-11-29,Normal,Bull Put,18603.6,17953.6,650,7,7,86.8,13.62,163.1,0,575.5,6,False,,False,,2022_48,140.0,2022
2022-12-05,Monday-RW,Bull Put,18694.0,17944.0,750,7,7,92.4,13.73,160.0,0,403.0,5,False,,False,,2022_49,155.0,2022
2022-12-08,Normal,Bull Put,18614.4,18014.4,600,7,7,86.8,13.4,150.6,0,230.2,7,False,,False,,2022_49,140.0,2022
2022-12-12,Monday-RW,Bull Put,18494.7,17794.7,700,7,7,90.4,13.32,159.0,0,369.3,7,False,,False,,2022_50,155.0,2022
2022-12-13,Normal,Bull Put,18596.8,17946.8,650,7,7,88.3,12.88,156.6,0,122.2,7,False,,False,,2022_50,140.0,2022
2022-12-19,CONDOR,Bull Put,18426.2,17926.2,500,7,7,75.1,13.55,163.8,0,-145.8,4,True,4.0,True,4.0,2022_51,280.0,2022
2022-12-19,CONDOR,Bear Call,18426.2,18976.2,550,7,7,75.1,13.55,163.8,0,503.7,2,False,,False,,2022_51,280.0,2022
2022-12-29,HighATR-Cautious,Bull Put,18210.4,17460.4,750,7,7,84.9,14.81,197.5,2,335.8,6,False,,False,,2022_52,170.0,2022
2023-01-02,HighATR-Cautious,Bull Put,18207.1,17457.1,750,7,7,86.1,14.69,191.6,1,339.1,4,False,,False,,2023_01,170.0,2023
2023-01-09,HighATR-Cautious,Bull Put,18088.8,17338.8,750,7,7,84.3,14.65,200.4,1,423.5,3,False,,False,,2023_02,170.0,2023
2023-01-16,HighATR-Cautious,Bull Put,17891.7,17141.7,750,7,7,84.1,15.02,201.1,1,704.9,7,False,,False,,2023_03,170.0,2023
2023-01-24,CONDOR,Bull Put,18101.2,17551.2,550,7,7,76.0,13.66,177.0,0,-197.4,5,False,,True,2.0,2023_04,280.0,2023
2023-01-24,CONDOR,Bear Call,18101.2,18651.2,550,7,7,76.0,13.66,177.0,0,557.8,1,False,,False,,2023_04,280.0,2023
2023-01-30,HighATR-Cautious,Bull Put,17667.2,16917.2,750,7,7,83.0,17.71,206.6,1,436.5,2,False,,False,,2023_05,170.0,2023
2023-02-06,HighATR-Cautious,Bull Put,17761.2,17011.2,750,7,7,78.4,14.69,229.2,1,641.4,1,False,,False,,2023_06,170.0,2023
2023-02-15,HighATR-Cautious,Bull Put,18023.2,17273.2,750,7,7,82.8,12.86,207.6,1,149.3,7,False,,False,,2023_07,170.0,2023
2023-02-20,HighATR-Cautious,Bull Put,17847.7,17097.7,750,7,7,84.9,13.38,197.5,0,158.2,6,False,,False,,2023_08,170.0,2023
2023-02-27,Bear-Call,Bear Call,17406.3,18056.3,650,7,7,79.4,13.88,194.4,1,258.0,5,False,,False,,2023_09,140.0,2023
2023-03-06,HighATR-Cautious,Bull Put,17719.8,16969.8,750,7,7,84.7,12.27,198.2,1,-119.4,7,False,,True,6.0,2023_10,170.0,2023
2023-03-17,HighATR-Cautious,Bull Put,17123.7,16373.7,750,7,7,80.7,14.77,217.7,2,457.0,1,False,,False,,2023_11,170.0,2023
2023-03-21,HighATR-Cautious,Bull Put,17107.0,16357.0,750,7,7,81.1,15.08,216.0,1,557.2,5,False,,False,,2023_12,170.0,2023
2023-03-27,HighATR-Cautious,Bull Put,16963.5,16213.5,750,7,7,84.2,15.45,200.9,1,700.8,1,False,,False,,2023_13,170.0,2023
2023-04-11,WideCondor,Bull Put,17722.2,17122.2,600,7,7,79.5,11.98,178.9,1,431.8,7,False,,False,,2023_15,300.0,2023
2023-04-11,WideCondor,Bear Call,17722.2,18322.2,600,7,7,79.5,11.98,178.9,1,459.2,3,False,,False,,2023_15,300.0,2023
2023-04-17,WideCondor,Bull Put,17704.1,17104.1,600,7,7,79.8,12.27,177.9,0,450.0,4,False,,False,,2023_16,300.0,2023
2023-04-17,WideCondor,Bear Call,17704.1,18304.1,600,7,7,79.8,12.27,177.9,0,477.3,7,False,,False,,2023_16,300.0,2023
2023-04-24,Monday-RW,Bull Put,17748.0,17048.0,700,7,7,90.3,11.67,159.4,0,664.0,2,False,,False,,2023_17,155.0,2023
2023-04-25,Normal,Bull Put,17762.0,17162.0,600,7,7,85.8,11.52,154.4,0,550.0,1,False,,False,,2023_17,140.0,2023
2023-05-03,Wednesday-MW,Bull Put,18082.7,17432.7,650,7,7,90.3,11.84,148.1,0,623.0,2,False,,False,,2023_18,150.0,2023
2023-05-04,Normal,Bull Put,18238.6,17638.6,600,7,7,86.6,11.73,151.5,1,417.1,1,False,,False,,2023_18,140.0,2023
2023-05-08,Monday-RW,Bull Put,18269.8,17569.8,700,7,7,90.5,12.64,158.3,0,546.0,7,False,,False,,2023_19,155.0,2023
2023-05-09,Normal,Bull Put,18258.3,17658.3,600,7,7,85.6,12.68,155.1,0,447.1,7,False,,False,,2023_19,140.0,2023
2023-05-15,Monday-RW,Bull Put,18384.6,17734.6,650,7,7,90.1,13.17,148.8,0,326.6,4,False,,False,,2023_20,155.0,2023
2023-05-16,Normal,Bull Put,18276.8,17676.8,600,7,7,86.9,13.29,150.1,0,384.4,3,False,,False,,2023_20,140.0,2023
2023-05-22,Monday-RW,Bull Put,18303.3,17603.3,700,7,7,91.0,12.57,155.8,0,599.5,3,False,,False,,2023_21,155.0,2023
2023-05-25,Normal,Bull Put,18335.9,17735.9,600,7,7,86.9,12.52,150.0,0,729.4,4,False,,False,,2023_21,140.0,2023
2023-05-30,Normal,Bull Put,18640.0,18040.0,600,7,7,85.5,12.01,155.6,0,425.4,2,False,,False,,2023_22,140.0,2023
2023-05-31,Wednesday-MW,Bull Put,18521.3,17871.3,650,7,7,88.6,11.97,155.6,0,594.0,1,False,,False,,2023_22,150.0,2023
2023-06-05,Monday-RW,Bull Put,18599.9,17949.9,650,7,7,90.7,11.14,146.0,0,582.0,1,False,,False,,2023_23,155.0,2023
2023-06-06,Aggressive,Bull Put,18617.1,18167.1,450,7,7,76.9,11.38,142.0,0,388.6,3,False,,False,,2023_23,100.0,2023
2023-06-07,Wednesday-MW,Bull Put,18730.3,18130.3,600,7,7,89.3,11.44,140.6,0,425.4,2,False,,False,,2023_23,150.0,2023
2023-06-12,Monday-RW,Bull Put,18614.9,18014.9,600,7,7,90.7,11.25,135.1,0,616.9,1,False,,False,,2023_24,155.0,2023
2023-06-13,Aggressive,Bull Put,18718.7,18268.7,450,7,7,79.7,11.11,133.5,0,392.5,5,False,,False,,2023_24,100.0,2023
2023-06-14,Wednesday-MW,Bull Put,18749.7,18149.7,600,7,7,92.0,11.16,129.6,0,497.8,7,False,,False,,2023_24,150.0,2023
2023-06-19,Monday-RW,Bull Put,18754.2,18154.2,600,7,7,90.7,11.23,134.9,0,493.2,4,False,,False,,2023_25,155.0,2023
2023-06-20,Aggressive,Bull Put,18833.7,18383.7,450,7,7,78.2,11.13,138.0,0,263.8,3,False,,False,,2023_25,100.0,2023
2023-06-21,Wednesday-MW,Bull Put,18862.1,18262.1,600,7,7,91.0,11.29,133.9,0,385.4,2,False,,False,,2023_25,150.0,2023
2023-06-26,Monday-RW,Bull Put,18694.7,18094.7,600,7,7,92.1,11.4,128.9,0,619.8,1,False,,False,,2023_26,155.0,2023
2023-06-27,Aggressive,Bull Put,18818.6,18368.6,450,7,7,81.1,10.78,129.3,0,492.9,1,False,,False,,2023_26,100.0,2023
2023-06-28,Wednesday-MW,Bull Put,18991.9,18391.9,600,7,7,91.0,10.89,133.8,0,632.7,1,False,,False,,2023_26,150.0,2023
2023-07-04,Normal,Bull Put,19385.5,18835.5,550,7,7,86.1,11.7,140.4,2,468.0,3,False,,False,,2023_27,140.0,2023
2023-07-05,Normal,Bull Put,19415.3,18865.3,550,7,7,87.3,11.88,136.2,2,438.3,2,False,,False,,2023_27,140.0,2023
2023-07-10,Monday-RW,Bull Put,19367.8,18717.8,650,7,7,92.0,11.46,140.2,1,643.9,2,False,,False,,2023_28,155.0,2023
2023-07-11,Normal,Bull Put,19448.2,18898.2,550,7,7,86.1,11.01,140.7,1,463.6,1,False,,False,,2023_28,140.0,2023
2023-07-18,Normal,Bull Put,19751.5,19151.5,600,7,7,88.0,11.71,145.7,1,452.0,7,False,,False,,2023_29,140.0,2023
2023-07-19,Normal,Bull Put,19847.2,19247.2,600,7,7,88.4,11.6,144.2,2,315.9,7,False,,False,,2023_29,140.0,2023
2023-07-24,Monday-RW,Bull Put,19665.4,18965.4,700,7,7,90.9,11.65,156.6,0,460.3,7,False,,False,,2023_30,155.0,2023
2023-07-25,Near-VC,Bull Put,19678.8,18978.8,700,7,7,91.5,10.24,153.5,0,319.0,7,False,,False,,2023_30,120.0,2023
2023-07-31,WideCondor,Bull Put,19742.5,19142.5,600,7,7,84.3,10.41,160.4,0,155.3,3,False,,False,,2023_31,300.0,2023
2023-07-31,WideCondor,Bear Call,19742.5,20342.5,600,7,7,84.3,10.41,160.4,0,546.9,1,False,,False,,2023_31,300.0,2023
2023-08-08,WideCondor,Bull Put,19570.8,18970.8,600,7,7,84.1,11.33,160.9,0,282.8,7,False,,False,,2023_32,300.0,2023
2023-08-08,WideCondor,Bear Call,19570.8,20170.8,600,7,7,84.1,11.33,160.9,0,525.3,1,False,,False,,2023_32,300.0,2023
2023-08-16,Wednesday-MW,Bull Put,19447.0,18747.0,700,7,7,89.7,12.13,162.3,0,483.7,7,False,,False,,2023_33,150.0,2023
2023-08-17,Normal,Bull Put,19346.2,18696.2,650,7,7,87.4,12.24,160.4,0,534.5,6,False,,False,,2023_33,140.0,2023
2023-08-21,Monday-RW,Bull Put,19380.6,18680.6,700,7,7,90.9,11.96,156.6,0,550.1,4,False,,False,,2023_34,155.0,2023
2023-08-22,Aggressive,Bull Put,19390.0,18890.0,500,7,7,79.3,11.75,149.9,0,334.5,7,False,,False,,2023_34,100.0,2023
2023-08-23,Wednesday-MW,Bull Put,19441.5,18791.5,650,7,7,90.6,11.73,146.7,0,433.0,6,False,,False,,2023_34,150.0,2023
2023-08-28,Monday-RW,Bull Put,19302.7,18602.7,700,7,7,92.3,12.4,149.4,0,621.9,3,False,,False,,2023_35,155.0,2023
2023-08-30,Wednesday-MW,Bull Put,19340.0,18740.0,600,7,7,88.9,11.8,142.2,0,484.5,1,False,,False,,2023_35,150.0,2023
2023-09-01,Aggressive,Bull Put,19423.3,18923.3,500,7,7,79.9,11.37,147.8,0,568.2,2,False,,False,,2023_35,100.0,2023
2023-09-05,Near-VC,Bull Put,19577.7,18877.7,700,7,7,92.4,10.82,148.9,0,613.8,1,False,,False,,2023_36,120.0,2023
2023-09-06,Wednesday-MW,Bull Put,19618.9,18968.9,650,7,7,90.2,10.68,148.6,0,581.1,1,False,,False,,2023_36,150.0,2023
2023-09-12,Normal,Bull Put,19985.7,19335.7,650,7,7,88.4,11.69,156.5,2,322.8,7,False,,False,,2023_37,140.0,2023
2023-09-13,Normal,Bull Put,20063.3,19463.3,600,7,7,85.4,11.83,156.1,2,138.7,7,False,,False,,2023_37,140.0,2023
2023-09-18,Monday-RW,Bull Put,20123.7,19473.7,650,7,7,90.7,10.84,146.1,1,18.4,7,False,,False,,2023_38,155.0,2023
2023-09-21,Normal,Bull Put,19748.8,19098.8,650,7,7,88.4,10.82,156.3,1,380.8,7,False,,False,,2023_38,140.0,2023
2023-09-25,Normal,Bull Put,19674.8,19074.8,600,7,7,86.0,10.9,153.5,2,258.8,6,False,,False,,2023_39,140.0,2023
2023-09-26,Normal,Bull Put,19673.6,19073.6,600,7,7,87.7,11.19,147.0,2,260.0,5,False,,False,,2023_39,140.0,2023
2023-10-03,Normal,Bull Put,19523.0,18873.0,650,7,7,87.7,11.79,159.2,0,460.6,1,False,,False,,2023_40,140.0,2023
2023-10-04,Wednesday-MW,Bull Put,19446.2,18746.2,700,7,7,89.9,11.66,161.4,0,734.3,3,False,,False,,2023_40,150.0,2023
2023-10-10,Normal,Bull Put,19691.5,19041.5,650,7,7,87.0,11.27,162.4,0,470.8,7,False,,False,,2023_41,140.0,2023
2023-10-11,Wednesday-MW,Bull Put,19808.5,19108.5,700,7,7,89.9,10.99,161.3,0,403.8,6,False,,False,,2023_41,150.0,2023
2023-10-17,Aggressive,Bull Put,19818.3,19318.3,500,7,7,79.6,10.7,148.9,0,-480.5,6,True,4.0,True,4.0,2023_42,100.0,2023
2023-10-23,Monday-RW,Bull Put,19278.5,18578.5,700,7,7,90.4,10.91,159.0,1,259.4,2,False,,False,,2023_43,155.0,2023
2023-10-26,Bear-Call,Bear Call,18848.5,19498.5,650,7,7,83.8,11.73,175.8,2,75.5,7,False,,False,,2023_43,140.0,2023
2023-10-31,Bear-Call,Bear Call,19086.5,19736.5,650,7,7,82.3,11.83,181.9,1,272.1,6,False,,False,,2023_44,140.0,2023
2023-11-01,Wednesday-MW,Bull Put,18990.4,18290.4,700,7,7,86.4,12.05,177.7,1,773.8,1,False,,False,,2023_44,150.0,2023
2023-11-06,WideCondor,Bull Put,19411.8,18811.8,600,7,7,80.1,11.11,176.4,2,517.2,1,False,,False,,2023_45,300.0,2023
2023-11-06,WideCondor,Bear Call,19411.8,20011.8,600,7,7,80.1,11.11,176.4,2,136.6,7,False,,False,,2023_45,300.0,2023
2023-11-13,Monday-RW,Bull Put,19440.2,18740.2,700,7,7,92.3,11.19,149.4,0,839.5,1,False,,False,,2023_46,155.0,2023
2023-11-20,Monday-RW,Bull Put,19693.7,18993.7,700,7,7,91.0,12.15,156.2,0,710.2,2,False,,False,,2023_47,155.0,2023
2023-11-21,Normal,Bull Put,19780.8,19180.8,600,7,7,85.7,12.23,154.7,0,523.0,1,False,,False,,2023_47,140.0,2023
2023-11-30,Normal,Bull Put,20127.2,19527.2,600,7,7,88.3,12.69,144.6,0,656.5,1,False,,False,,2023_48,140.0,2023
2023-12-06,Normal,Bull Put,20935.9,20285.9,650,7,7,86.6,13.74,164.1,2,483.6,5,False,,False,,2023_49,140.0,2023
2023-12-07,Normal,Bull Put,20916.1,20266.1,650,7,7,87.8,12.67,158.8,2,503.4,4,False,,False,,2023_49,140.0,2023
2023-12-11,Monday-RW,Bull Put,20992.8,20292.8,700,7,7,91.5,12.76,153.8,1,476.7,2,False,,False,,2023_50,155.0,2023
2023-12-12,Normal,Bull Put,20900.4,20300.4,600,7,7,85.7,12.71,155.0,1,469.1,1,False,,False,,2023_50,140.0,2023
2023-12-19,Normal,Bull Put,21446.0,20796.0,650,7,7,82.9,13.87,179.4,2,180.8,2,False,,False,,2023_51,140.0,2023
2023-12-28,HighATR-Cautious,Bull Put,21773.7,21023.7,750,7,7,84.3,15.14,200.2,2,469.2,6,False,,False,,2023_52,170.0,2023
2024-01-02,HighATR-Cautious,Bull Put,21661.5,20911.5,750,7,7,85.7,14.58,193.4,0,537.2,6,False,,False,,2024_01,170.0,2024
2024-01-12,HighATR-Cautious,Bull Put,21908.2,21158.2,750,7,7,85.7,13.1,193.5,0,-21.0,7,False,,True,7.0,2024_02,170.0,2024
2024-01-16,HighATR-Cautious,Bull Put,22031.6,21281.6,750,7,7,86.1,13.57,191.6,1,-144.4,5,True,4.0,True,4.0,2024_03,170.0,2024
2024-02-01,Near-VC,Bull Put,21690.3,20990.3,700,7,7,69.8,14.46,256.1,2,584.5,7,False,,False,,2024_05,120.0,2024
2024-02-27,HighATR-Cautious,Bull Put,22194.2,21444.2,750,7,7,78.9,15.73,226.4,1,416.5,2,False,,False,,2024_09,170.0,2024
2024-03-04,HighATR-Cautious,Bull Put,22397.7,21647.7,750,7,7,78.7,14.92,227.4,1,258.0,6,False,,False,,2024_10,170.0,2024
2024-03-11,HighATR-Cautious,Bull Put,22319.8,21569.8,750,7,7,81.0,14.0,216.3,1,140.4,7,False,,False,,2024_11,170.0,2024
2024-03-21,Near-VC,Bull Put,22014.6,21314.6,700,7,7,73.5,12.51,237.1,1,568.7,1,False,,False,,2024_12,120.0,2024
2024-03-27,HighATR-Cautious,Bull Put,22147.2,21397.2,750,7,7,78.3,12.7,229.6,1,766.4,1,False,,False,,2024_13,170.0,2024
2024-04-02,HighATR-Cautious,Bull Put,22464.3,21714.3,750,7,7,78.9,11.65,226.7,1,589.5,2,False,,False,,2024_14,170.0,2024
2024-04-08,HighATR-Cautious,Bull Put,22661.0,21911.0,750,7,7,80.7,11.61,217.9,1,-133.3,7,False,,True,7.0,2024_15,170.0,2024
2024-04-23,VIX-Collapse,Bull Put,22361.0,21661.0,700,7,7,76.0,10.2,225.2,1,644.2,2,False,,False,,2024_17,100.0,2024
2024-04-24,VIX-Collapse,Bull Put,22412.2,21712.2,700,7,7,77.6,10.28,217.4,1,593.0,1,False,,False,,2024_17,100.0,2024
2024-05-08,HighATR-Cautious,Bull Put,22306.8,21556.8,750,7,7,78.3,17.08,229.6,1,264.3,3,False,,False,,2024_19,170.0,2024
2024-07-16,HighATR-Cautious,Bull Put,24601.1,23851.1,750,7,7,78.9,14.22,226.5,1,223.1,4,False,,False,,2024_29,170.0,2024
2024-07-23,Near-VC,Bull Put,24476.4,23776.4,700,7,7,69.0,12.75,260.5,1,434.4,2,False,,False,,2024_30,120.0,2024
2024-08-27,HighATR-Cautious,Bull Put,24997.0,24247.0,750,7,7,79.8,13.63,222.0,2,717.6,1,False,,False,,2024_35,170.0,2024
2024-09-03,HighATR-Cautious,Bull Put,25268.8,24518.8,750,7,7,85.9,13.84,192.7,1,234.3,4,False,,False,,2024_36,170.0,2024
2024-09-09,HighATR-Cautious,Bull Put,24942.2,24192.2,750,7,7,84.0,14.24,201.9,1,692.9,2,False,,False,,2024_37,170.0,2024
2024-09-16,HighATR-Cautious,Bull Put,25377.2,24627.2,750,7,7,81.9,12.46,212.1,1,658.3,2,False,,False,,2024_38,170.0,2024
2024-09-24,HighATR-Cautious,Bull Put,25951.9,25201.9,750,7,7,82.3,13.39,210.1,2,-235.1,7,True,7.0,True,7.0,2024_39,170.0,2024
2024-10-01,HighATR-Cautious,Bull Put,25812.5,25062.5,750,7,7,81.7,11.99,213.1,2,-368.2,3,True,2.0,True,2.0,2024_40,170.0,2024
2025-01-31,Near-VC,Bull Put,23533.8,22833.8,700,7,7,68.9,16.25,261.3,1,152.8,7,False,,False,,2025_05,120.0,2025
2025-07-04,HighATR-Cautious,Bull Put,25467.8,24717.8,750,7,7,78.1,12.32,230.5,2,284.2,6,False,,False,,2025_27,170.0,2025
2025-07-07,HighATR-Cautious,Bull Put,25455.0,24705.0,750,7,7,80.3,12.56,219.9,2,297.0,5,False,,False,,2025_28,170.0,2025
2025-07-14,HighATR-Cautious,Bull Put,25087.1,24337.1,750,7,7,83.9,11.98,202.0,1,545.2,5,False,,False,,2025_29,170.0,2025
2025-07-29,HighATR-Cautious,Bull Put,24830.4,24080.4,750,7,7,83.7,11.53,203.4,1,263.8,7,False,,False,,2025_31,170.0,2025
2025-08-04,HighATR-Cautious,Bull Put,24726.9,23976.9,750,7,7,82.7,11.97,208.0,1,360.6,4,False,,False,,2025_32,170.0,2025
2025-08-13,HighATR-Cautious,Bull Put,24630.4,23880.4,750,7,7,80.7,12.14,217.9,1,716.5,1,False,,False,,2025_33,170.0,2025
2025-08-19,HighATR-Cautious,Bull Put,24989.7,24239.7,750,7,7,81.1,11.79,216.0,2,165.0,7,False,,False,,2025_34,170.0,2025
2025-08-25,HighATR-Cautious,Bull Put,24978.5,24228.5,750,7,7,83.9,11.76,202.1,1,176.2,3,False,,False,,2025_35,170.0,2025
2025-09-01,HighATR-Cautious,Bull Put,24624.3,23874.3,750,7,7,83.0,11.29,206.5,1,648.0,1,False,,False,,2025_36,170.0,2025
2025-09-08,HighATR-Cautious,Bull Put,24791.2,24041.2,750,7,7,82.8,10.84,207.5,1,772.8,1,False,,False,,2025_37,170.0,2025
2025-09-15,Normal,Bull Put,25069.7,24419.7,650,7,7,83.1,10.4,178.7,0,607.8,7,False,,False,,2025_38,140.0,2025
2025-09-16,Normal,Bull Put,25254.5,24604.5,650,7,7,82.9,10.27,179.6,0,273.8,7,False,,False,,2025_38,140.0,2025
2025-09-23,WideCondor,Bull Put,25185.8,24585.8,600,7,7,81.7,10.63,170.5,1,1.9,5,False,,False,,2025_39,300.0,2025
2025-09-23,WideCondor,Bear Call,25185.8,25785.8,600,7,7,81.7,10.63,170.5,1,636.0,1,False,,False,,2025_39,300.0,2025
2025-09-30,WideCondor,Bull Put,24633.6,24033.6,600,7,7,79.8,11.07,177.9,1,572.4,1,False,,False,,2025_40,300.0,2025
2025-09-30,WideCondor,Bear Call,24633.6,25233.6,600,7,7,79.8,11.07,177.9,1,-97.2,7,True,7.0,True,7.0,2025_40,300.0,2025
2025-10-06,HighATR-Cautious,Bull Put,25072.5,24322.5,750,7,7,87.6,10.19,184.3,0,686.0,2,False,,False,,2025_41,170.0,2025
2025-10-15,HighATR-Cautious,Bull Put,25327.8,24577.8,750,7,7,87.2,10.53,186.4,0,799.1,1,False,,False,,2025_42,170.0,2025
2025-10-21,HighATR-Cautious,Bull Put,25833.3,25083.3,750,7,7,85.4,11.3,194.8,2,627.9,7,False,,False,,2025_43,170.0,2025
2025-10-27,HighATR-Cautious,Bull Put,25974.0,25224.0,750,7,7,83.8,11.86,202.6,2,267.5,7,False,,False,,2025_44,170.0,2025
2025-11-04,HighATR-Cautious,Bull Put,25586.2,24836.2,750,7,7,84.0,12.65,201.7,1,482.2,2,False,,False,,2025_45,170.0,2025
2025-11-10,HighATR-Cautious,Bull Put,25574.2,24824.2,750,7,7,84.5,12.3,199.2,0,625.0,1,False,,False,,2025_46,170.0,2025
2025-11-17,HighATR-Cautious,Bull Put,26014.3,25264.3,750,7,7,84.6,11.79,198.8,0,578.7,6,False,,False,,2025_47,170.0,2025
2025-11-25,Near-VC,Bull Put,25860.3,25160.3,700,7,7,82.8,12.24,193.5,0,682.7,1,False,,False,,2025_48,120.0,2025
2025-12-01,HighATR-Cautious,Bull Put,26176.0,25426.0,750,7,7,85.0,11.63,197.1,0,302.0,6,False,,False,,2025_49,170.0,2025
2025-12-09,HighATR-Cautious,Bull Put,25841.8,25091.8,750,7,7,84.2,10.95,200.6,1,601.5,2,False,,False,,2025_50,170.0,2025
2025-12-22,HighATR-Cautious,Bull Put,26162.8,25412.8,750,7,7,85.9,9.68,192.4,0,465.2,5,False,,False,,2025_52,170.0,2025
2025-12-30,WideCondor,Bull Put,25970.5,25370.5,600,7,7,81.0,9.68,173.1,0,252.5,7,False,,False,,2026_01,300.0,2025
2025-12-30,WideCondor,Bear Call,25970.5,26570.5,600,7,7,81.0,9.68,173.1,0,197.3,3,False,,False,,2026_01,300.0,2025
2026-01-06,Normal,Bull Put,26174.7,25524.7,650,7,7,83.6,10.02,176.4,0,-51.2,4,False,,True,4.0,2026_02,140.0,2026
2026-01-07,Wednesday-MW,Bull Put,26142.9,25442.9,700,7,7,87.5,9.95,172.3,0,30.5,3,False,,False,,2026_02,150.0,2026
2026-01-13,HighATR-Cautious,Bull Put,25714.2,24964.2,750,7,7,82.8,11.2,207.6,2,-44.4,5,False,,True,5.0,2026_03,170.0,2026
