date,spread
2016-04-08,1.5020000338554382
2016-04-11,1.5139999836683273
2016-04-12,1.5510000139474869
2016-04-13,1.5389999598264694
2016-04-14,1.5660000145435333
2016-04-15,1.5419999808073044
2016-04-18,1.5750000029802322
2016-04-19,1.5679999887943268
2016-04-20,1.6359999775886536
2016-04-21,1.645000010728836
2016-04-22,1.6630000174045563
2016-04-25,1.6639999449253082
2016-04-26,1.6859999895095825
2016-04-27,1.6150000095367432
2016-04-28,1.6280000656843185
2016-04-29,1.626000002026558
2016-05-02,1.6800000071525574
2016-05-03,1.5969999581575394
2016-05-04,1.5860000401735306
2016-05-05,1.563999980688095
2016-05-06,1.5990000367164612
2016-05-09,1.556999996304512
2016-05-10,1.516999989748001
2016-05-11,1.488999992609024
2016-05-12,1.4989999830722809
2016-05-13,1.4470000565052032
2016-05-16,1.495000034570694
2016-05-17,1.4909999370574951
2016-05-18,1.6099999845027924
2016-05-19,1.5550000369548798
2016-05-20,1.5509999692440033
2016-05-23,1.5250000655651093
2016-05-24,1.515999972820282
2016-05-25,1.5550000071525574
2016-05-26,1.5479999482631683
2016-05-27,1.5529999434947968
2016-05-31,1.5509999990463257
2016-06-01,1.5509999692440033
2016-06-02,1.5409999787807465
2016-06-03,1.4339999854564667
2016-06-06,1.4730000495910645
2016-06-07,1.4480000734329224
2016-06-08,1.4709999710321426
2016-06-09,1.4399999529123306
2016-06-10,1.3990000635385513
2016-06-13,1.371000051498413
2016-06-14,1.347999930381775
2016-06-15,1.340999960899353
2016-06-16,1.319000005722046
2016-06-17,1.370000034570694
2016-06-20,1.4219999611377716
2016-06-21,1.4320000410079956
2016-06-22,1.4169999361038208
2016-06-23,1.4639999568462372
2016-06-24,1.3409999907016754
2016-06-27,1.225000038743019
2016-06-28,1.2009999752044678
2016-06-29,1.222000002861023
2016-06-30,1.2400000393390656
2016-07-01,1.2129999697208405
2016-07-05,1.1289999783039093
2016-07-06,1.121999979019165
2016-07-07,1.1169999539852142
2016-07-08,1.093000054359436
2016-07-11,1.1590000092983246
2016-07-12,1.2180000245571136
2016-07-13,1.170000046491623
2016-07-14,1.2280000150203705
2016-07-15,1.2959999740123749
2016-07-18,1.2990000247955322
2016-07-19,1.2479999661445618
2016-07-20,1.26500004529953
2016-07-21,1.2620000541210175
2016-07-22,1.2670000493526459
2016-07-25,1.2729999721050262
2016-07-26,1.254999965429306
2016-07-27,1.2319999933242798
2016-07-28,1.2910000383853912
2016-07-29,1.2179999500513077
2016-08-01,1.2580000460147858
2016-08-02,1.2569999396800995
2016-08-03,1.2740000486373901
2016-08-04,1.2550000250339508
2016-08-05,1.3320000171661377
2016-08-08,1.3329999446868896
2016-08-09,1.251999944448471
2016-08-10,1.2359999418258667
2016-08-11,1.2979999482631683
2016-08-12,1.2519999742507935
2016-08-15,1.2779999673366547
2016-08-16,1.2879999876022339
2016-08-17,1.2730000019073486
2016-08-18,1.2510000169277191
2016-08-19,1.2849999368190765
2016-08-22,1.2590000331401825
2016-08-23,1.2479999661445618
2016-08-24,1.2540000081062317
2016-08-25,1.272000014781952
2016-08-26,1.3299999833106995
2016-08-29,1.2609999775886536
2016-08-30,1.2450000643730164
2016-08-31,1.2479999661445618
2016-09-01,1.2550000548362732
2016-09-02,1.29299995303154
2016-09-06,1.2399999797344208
2016-09-07,1.210999995470047
2016-09-08,1.2830000519752502
2016-09-09,1.3390000462532043
2016-09-12,1.3220000565052032
2016-09-13,1.3889999687671661
2016-09-14,1.3740000128746033
2016-09-15,1.4249999523162842
2016-09-16,1.4279999732971191
2016-09-19,1.457999974489212
2016-09-20,1.399999976158142
2016-09-21,1.4449999779462814
2016-09-22,1.4719999730587006
2016-09-23,1.4500000029802322
2016-09-26,1.4159999936819077
2016-09-27,1.3009999990463257
2016-09-28,1.3040000200271606
2016-09-29,1.322000041604042
2016-09-30,1.3480000495910645
2016-10-03,1.3339999914169312
2016-10-04,1.3679999709129333
2016-10-05,1.4029999673366547
2016-10-06,1.4319999814033508
2016-10-07,1.425999939441681
2016-10-10,1.4150000512599945
2016-10-11,1.4389999508857727
2016-10-12,1.4379999935626984
2016-10-13,1.4630000293254852
2016-10-14,1.504000037908554
2016-10-17,1.4710000455379486
2016-10-18,1.415999948978424
2016-10-19,1.4289999604225159
2016-10-20,1.4269999861717224
2016-10-21,1.425000011920929
2016-10-24,1.4500000178813934
2016-10-25,1.4330000281333923
2016-10-26,1.476999968290329
2016-10-27,1.5680000483989716
2016-10-28,1.5720000267028809
2016-10-31,1.539000004529953
2016-11-01,1.4750000536441803
2016-11-02,1.4540000259876251
2016-11-03,1.4540000259876251
2016-11-04,1.4249999821186066
2016-11-07,1.437999963760376
2016-11-08,1.44200000166893
2016-11-09,1.6540000140666962
2016-11-10,1.6590000987052917
2016-11-14,1.7189998626708984
2016-11-15,1.7499999105930328
2016-11-16,1.7700000405311584
2016-11-17,1.8560000360012054
2016-11-18,1.917000025510788
2016-11-21,1.9189999997615814
2016-11-22,1.8460001051425934
2016-11-23,1.8720000982284546
2016-11-25,1.891999989748001
2016-11-28,1.8699999451637268
2016-11-29,1.834000051021576
2016-11-30,1.9000000357627869
2016-12-01,1.9829999804496765
2016-12-02,1.935000091791153
2016-12-05,1.9340000748634338
2016-12-06,1.9109998941421509
2016-12-07,1.858999878168106
2016-12-08,1.8970000743865967
2016-12-09,1.944000005722046
2016-12-12,1.9790000915527344
2016-12-13,1.9579999446868896
2016-12-14,2.002000093460083
2016-12-15,2.0919999182224274
2016-12-16,2.1119998693466187
2016-12-19,2.0640000700950623
2016-12-20,2.055000066757202
2016-12-21,2.0429999828338623
2016-12-22,2.0599999725818634
2016-12-23,2.0429999828338623
2016-12-27,2.0679999589920044
2016-12-28,2.0110000371932983
2016-12-29,2.037000000476837
2016-12-30,1.966000109910965
2017-01-03,1.9750000536441803
2017-01-04,1.9339998960494995
2017-01-05,1.8600000143051147
2017-01-06,1.9149999618530273
2017-01-09,1.8909999132156372
2017-01-10,1.875999927520752
2017-01-11,1.8719998896121979
2017-01-12,1.8580000400543213
2017-01-13,1.8670001029968262
2017-01-17,1.813999891281128
2017-01-18,1.8739999532699585
2017-01-19,1.9560000896453857
2017-01-20,1.9870000183582306
2017-01-23,1.930000126361847
2017-01-24,1.9779999554157257
2017-01-25,2.0399999916553497
2017-01-26,2.0199998915195465
2017-01-27,1.9829999506473541
2017-01-30,1.9880000352859497
2017-01-31,1.9509999752044678
2017-02-01,1.9739999771118164
2017-02-02,1.9820000231266022
2017-02-03,2.002999931573868
2017-02-06,1.9100000858306885
2017-02-07,1.8639999628067017
2017-02-08,1.8260000944137573
2017-02-09,1.8669999837875366
2017-02-10,1.8859999179840088
2017-02-13,1.9110000133514404
2017-02-14,1.9350000023841858
2017-02-15,1.9820001125335693
2017-02-16,1.9420000314712524
2017-02-17,1.9169999361038208
2017-02-21,1.9220000505447388
2017-02-22,1.9079999923706055
2017-02-23,1.8900000154972076
2017-02-24,1.8189999163150787
2017-02-27,1.878999948501587
2017-02-28,1.8350000381469727
2017-03-01,1.8480000495910645
2017-03-02,1.8440001010894775
2017-03-03,1.8090000748634338
2017-03-06,1.7889999747276306
2017-03-07,1.775999903678894
2017-03-08,1.8440000414848328
2017-03-09,1.8850000500679016
2017-03-10,1.8569999933242798
2017-03-13,1.8800000548362732
2017-03-14,1.8420000076293945
2017-03-15,1.7929999232292175
2017-03-16,1.8140000700950623
2017-03-17,1.7929999232292175
2017-03-20,1.7630000710487366
2017-03-21,1.683000087738037
2017-03-22,1.647999882698059
2017-03-23,1.6699999570846558
2017-03-24,1.652000069618225
2017-03-27,1.6149998903274536
2017-03-28,1.6359999179840088
2017-03-29,1.6309999227523804
2017-03-30,1.657999873161316
2017-03-31,1.6579999327659607
2017-04-03,1.6099998950958252
2017-04-04,1.5699999332427979
2017-04-05,1.5770001411437988
2017-04-06,1.5549999475479126
2017-04-07,1.5749999284744263
2017-04-10,1.5730000734329224
2017-04-11,1.4980000853538513
2017-04-12,1.503000020980835
2017-04-13,1.4420000910758972
2017-04-17,1.4620000720024109
2017-04-18,1.3739998936653137
2017-04-19,1.416999876499176
2017-04-20,1.4709999561309814
2017-04-21,1.4739999771118164
2017-04-24,1.503000020980835
2017-04-25,1.5189998745918274
2017-04-26,1.508000135421753
2017-04-27,1.5109999775886536
2017-04-28,1.502000093460083
2017-05-01,1.5400000214576721
2017-05-02,1.453000009059906
2017-05-03,1.4610000252723694
2017-05-04,1.500999927520752
2017-05-05,1.484000027179718
2017-05-08,1.5059999227523804
2017-05-09,1.5170000791549683
2017-05-10,1.5390000343322754
2017-05-11,1.540000081062317
2017-05-12,1.4800000190734863
2017-05-15,1.4750000834465027
2017-05-16,1.4390000104904175
2017-05-17,1.3410000801086426
2017-05-18,1.340000033378601
2017-05-19,1.3569998741149902
2017-05-22,1.375999927520752
2017-05-23,1.3720000982284546
2017-05-24,1.3610000610351562
2017-05-25,1.3470001220703125
2017-05-26,1.3399999737739563
2017-05-30,1.3069999814033508
2017-05-31,1.2460001111030579
2017-06-01,1.268999993801117
2017-06-02,1.2059999108314514
2017-06-05,1.2339999079704285
2017-06-06,1.1890000700950623
2017-06-07,1.2049999833106995
2017-06-08,1.2210000157356262
2017-06-09,1.2189998626708984
2017-06-12,1.240000069141388
2017-06-13,1.2240000367164612
2017-06-14,1.1550000309944153
2017-06-15,1.168999969959259
2017-06-16,1.1720000505447388
2017-06-19,1.2050000429153442
2017-06-20,1.1600001454353333
2017-06-21,1.1869999766349792
2017-06-22,1.2200000882148743
2017-06-23,1.2110000252723694
2017-06-26,1.2040000557899475
2017-06-27,1.2079999446868896
2017-06-28,1.2359999418258667
2017-06-29,1.2639999389648438
2017-06-30,1.3090000748634338
2017-07-03,1.3459999561309814
2017-07-05,1.314000129699707
2017-07-06,1.3619998693466187
2017-07-07,1.3849998712539673
2017-07-10,1.3580000400543213
2017-07-11,1.3289999961853027
2017-07-12,1.303999900817871
2017-07-13,1.3350000381469727
2017-07-14,1.3109999895095825
2017-07-17,1.2890000343322754
2017-07-18,1.2230000495910645
2017-07-19,1.182999849319458
2017-07-20,1.152999997138977
2017-07-21,1.0940001010894775
2017-07-24,1.1039999723434448
2017-07-25,1.1829999685287476
2017-07-26,1.187000036239624
2017-07-27,1.2319999933242798
2017-07-28,1.2360000610351562
2017-07-31,1.2390000820159912
2017-08-01,1.1929999589920044
2017-08-02,1.2120001316070557
2017-08-03,1.1699999570846558
2017-08-04,1.2139999866485596
2017-08-07,1.2239999771118164
2017-08-08,1.253000020980835
2017-08-09,1.215999960899353
2017-08-10,1.1939998865127563
2017-08-11,1.1759998798370361
2017-08-14,1.2160000801086426
2017-08-15,1.2580000162124634
2017-08-16,1.2410000562667847
2017-08-17,1.2209998965263367
2017-08-18,1.206000030040741
2017-08-21,1.2150000929832458
2017-08-22,1.21999990940094
2017-08-23,1.190999984741211
2017-08-24,1.1959999799728394
2017-08-25,1.1739999055862427
2017-08-28,1.153999924659729
2017-08-29,1.125999927520752
2017-08-30,1.1449998617172241
2017-08-31,1.143000066280365
2017-09-01,1.1720000505447388
2017-09-05,1.0869999527931213
2017-09-06,1.0700000524520874
2017-09-07,1.0380001068115234
2017-09-08,1.0410001277923584
2017-09-11,1.1050000190734863
2017-09-12,1.152999997138977
2017-09-13,1.1769999265670776
2017-09-14,1.1690000295639038
2017-09-15,1.191999912261963
2017-09-18,1.2290000915527344
2017-09-19,1.225000023841858
2017-09-20,1.2569999694824219
2017-09-21,1.2700001001358032
2017-09-22,1.2590000629425049
2017-09-25,1.222000002861023
2017-09-26,1.186000108718872
2017-09-27,1.2710000276565552
2017-09-28,1.2790000438690186
2017-09-29,1.2979999780654907
2017-10-02,1.3239998817443848
2017-10-03,1.2990001440048218
2017-10-04,1.2869999408721924
2017-10-05,1.306999921798706
2017-10-06,1.3269999027252197
2017-10-09,1.3160001039505005
2017-10-10,1.290000081062317
2017-10-11,1.277000069618225
2017-10-12,1.2699999809265137
2017-10-13,1.2300000190734863
2017-10-16,1.2519999742507935
2017-10-17,1.2250001430511475
2017-10-18,1.2710000276565552
2017-10-19,1.25600004196167
2017-10-20,1.305999994277954
2017-10-23,1.3059998750686646
2017-10-24,1.307999849319458
2017-10-25,1.3610000610351562
2017-10-26,1.3719998598098755
2017-10-27,1.3550000190734863
2017-10-30,1.2949998378753662
2017-10-31,1.2529999017715454
2017-11-01,1.2379999160766602
2017-11-02,1.2089998722076416
2017-11-03,1.1949999332427979
2017-11-06,1.1619999408721924
2017-11-07,1.11899995803833
2017-11-08,1.1299999952316284
2017-11-09,1.1280001401901245
2017-11-10,1.2000000476837158
2017-11-13,1.2150001525878906
2017-11-14,1.1410000324249268
2017-11-15,1.1050000190734863
2017-11-16,1.13100004196167
2017-11-17,1.1140000820159912
2017-11-20,1.1319999694824219
2017-11-21,1.084999918937683
2017-11-22,1.0570000410079956
2017-11-24,1.0999999046325684
2017-11-27,1.1050000190734863
2017-11-28,1.0730000734329224
2017-11-29,1.1179999113082886
2017-11-30,1.1790000200271606
2017-12-01,1.1269999742507935
2017-12-04,1.1339999437332153
2017-12-05,1.0729999542236328
2017-12-06,1.066999912261963
2017-12-07,1.1159999370574951
2017-12-08,1.1299998760223389
2017-12-11,1.121999979019165
2017-12-12,1.0930001735687256
2017-12-13,1.0759999752044678
2017-12-14,1.062999963760376
2017-12-15,1.0700000524520874
2017-12-18,1.0769999027252197
2017-12-19,1.1100000143051147
2017-12-20,1.1469999551773071
2017-12-21,1.1609998941421509
2017-12-22,1.1869999170303345
2017-12-26,1.1640000343322754
2017-12-27,1.00600004196167
2017-12-28,1.0619999170303345
2017-12-29,1.0499999523162842
2018-01-02,1.0869998931884766
2018-01-03,1.0770000219345093
2018-01-04,1.0830000638961792
2018-01-05,1.1060000658035278
2018-01-08,1.100000023841858
2018-01-09,1.13100004196167
2018-01-10,1.1549999713897705
2018-01-11,1.1279999017715454
2018-01-12,1.1420000791549683
2018-01-16,1.1489999294281006
2018-01-17,1.1630001068115234
2018-01-18,1.2060000896453857
2018-01-19,1.2340000867843628
2018-01-22,1.274999976158142
2018-01-23,1.2110000848770142
2018-01-24,1.2440000772476196
2018-01-25,1.2280000448226929
2018-01-26,1.2739999294281006
2018-01-29,1.3239998817443848
2018-01-30,1.3010001182556152
2018-01-31,1.290000081062317
2018-02-01,1.3200000524520874
2018-02-02,1.4040000438690186
2018-02-05,1.3359999656677246
2018-02-06,1.279999852180481
2018-02-07,1.3290001153945923
2018-02-08,1.3360000848770142
2018-02-09,1.3040000200271606
2018-02-12,1.3220001459121704
2018-02-13,1.2699998617172241
2018-02-14,1.3630001544952393
2018-02-15,1.3310000896453857
2018-02-16,1.3070000410079956
2018-02-20,1.3199999332427979
2018-02-21,1.3350000381469727
2018-02-22,1.312000036239624
2018-02-23,1.2660000324249268
2018-02-26,1.250999927520752
2018-02-27,1.2730000019073486
2018-02-28,1.25
2018-03-01,1.21399986743927
2018-03-02,1.252000093460083
2018-03-05,1.25600004196167
2018-03-06,1.2340000867843628
2018-03-07,1.2329999208450317
2018-03-08,1.2309999465942383
2018-03-09,1.2590000629425049
2018-03-12,1.2269998788833618
2018-03-13,1.1579999923706055
2018-03-14,1.0989998579025269
2018-03-15,1.0929999351501465
2018-03-16,1.1100000143051147
2018-03-19,1.1169999837875366
2018-03-20,1.1209999322891235
2018-03-21,1.1970000267028809
2018-03-22,1.1490000486373901
2018-03-23,1.1419999599456787
2018-03-26,1.1379998922348022
2018-03-27,1.0529999732971191
2018-03-28,1.0800000429153442
2018-03-29,1.0709999799728394
2018-04-02,1.0490001440048218
2018-04-03,1.0709998607635498
2018-04-04,1.1200001239776611
2018-04-05,1.1570000648498535
2018-04-06,1.095000147819519
2018-04-09,1.1110000610351562
2018-04-10,1.1019998788833618
2018-04-11,1.097000002861023
2018-04-12,1.1290000677108765
2018-04-13,1.1109999418258667
2018-04-16,1.11899995803833
2018-04-17,1.0589998960494995
2018-04-18,1.0970001220703125
2018-04-19,1.13100004196167
2018-04-20,1.1859999895095825
2018-04-23,1.190000057220459
2018-04-24,1.1600000858306885
2018-04-25,1.2089998722076416
2018-04-26,1.2050000429153442
2018-04-27,1.187000036239624
2018-04-30,1.1730000972747803
2018-05-01,1.1660001277923584
2018-05-02,1.1790000200271606
2018-05-03,1.158000111579895
2018-05-04,1.1510000228881836
2018-05-07,1.1570000648498535
2018-05-08,1.1340000629425049
2018-05-09,1.1589999198913574
2018-05-10,1.125999927520752
2018-05-11,1.1109999418258667
2018-05-14,1.1399998664855957
2018-05-15,1.2049999237060547
2018-05-16,1.2300000190734863
2018-05-17,1.2459999322891235
2018-05-18,1.2119998931884766
2018-05-21,1.2020000219345093
2018-05-22,1.1720000505447388
2018-05-23,1.1299999952316284
2018-05-24,1.1209999322891235
2018-05-25,1.0779999494552612
2018-05-29,0.9279998540878296
2018-05-30,0.9639999866485596
2018-05-31,0.9520000219345093
2018-06-01,1.0269999504089355
2018-06-04,1.0720000267028809
2018-06-05,1.0159999132156372
2018-06-06,1.0749999284744263
2018-06-07,1.0480000972747803
2018-06-08,1.0570000410079956
2018-06-11,1.0889999866485596
2018-06-12,1.069000005722046
2018-06-13,1.0820000171661377
2018-06-14,1.0630000829696655
2018-06-15,1.0360000133514404
2018-06-18,1.0430001020431519
2018-06-19,0.994999885559082
2018-06-20,1.0399999618530273
2018-06-21,1.0070000886917114
2018-06-22,1.03000009059906
2018-06-25,1.0219999551773071
2018-06-26,0.9870001077651978
2018-06-27,0.9469999074935913
2018-06-28,0.966999888420105
2018-06-29,0.968999981880188
2018-07-02,0.9709999561309814
2018-07-03,0.9050000905990601
2018-07-05,0.9299999475479126
2018-07-06,0.9260001182556152
2018-07-09,0.9449999332427979
2018-07-10,0.937999963760376
2018-07-11,0.9220000505447388
2018-07-12,0.9249999523162842
2018-07-13,0.9030001163482666
2018-07-16,0.9200000762939453
2018-07-17,0.8890000581741333
2018-07-18,0.9149999618530273
2018-07-19,0.8989999294281006
2018-07-20,0.9620000123977661
2018-07-23,1.0449999570846558
2018-07-24,0.9889998435974121
2018-07-25,0.9830001592636108
2018-07-26,1.029999852180481
2018-07-27,1.0149999856948853
2018-07-30,1.029999852180481
2018-07-31,0.9789999723434448
2018-08-01,1.024999976158142
2018-08-02,1.0210000276565552
2018-08-03,0.9930000305175781
2018-08-06,0.9699999094009399
2018-08-07,0.9650001525878906
2018-08-08,0.9630000591278076
2018-08-09,0.929999828338623
2018-08-10,0.8570001125335693
2018-08-13,0.8820000886917114
2018-08-14,0.8619999885559082
2018-08-15,0.8320000171661377
2018-08-16,0.8559999465942383
2018-08-17,0.8779999017715454
2018-08-20,0.8299999237060547
2018-08-21,0.8090000152587891
2018-08-22,0.7879998683929443
2018-08-23,0.7880001068115234
2018-08-24,0.7779998779296875
2018-08-27,0.7880001068115234
2018-08-28,0.8059999942779541
2018-08-29,0.8040001392364502
2018-08-30,0.8019998073577881
2018-08-31,0.7979998588562012
2018-09-04,0.8339998722076416
2018-09-05,0.812000036239624
2018-09-06,0.7990000247955322
2018-09-07,0.8539998531341553
2018-09-10,0.8540000915527344
2018-09-11,0.8689999580383301
2018-09-12,0.8580000400543213
2018-09-13,0.8700001239776611
2018-09-14,0.8910000324249268
2018-09-17,0.8929998874664307
2018-09-18,0.9230000972747803
2018-09-19,0.9630000591278076
2018-09-20,0.9600000381469727
2018-09-21,0.945000171661377
2018-09-24,0.9550001621246338
2018-09-25,0.9340000152587891
2018-09-26,0.9010000228881836
2018-09-27,0.9159998893737793
2018-09-28,0.9059998989105225
2018-10-01,0.9249999523162842
2018-10-02,0.8810000419616699
2018-10-03,0.9909999370574951
2018-10-04,1.0269999504089355
2018-10-05,1.059999942779541
2018-10-08,1.068000078201294
2018-10-09,1.0230000019073486
2018-10-10,1.0049998760223389
2018-10-11,0.9179999828338623
2018-10-12,0.9230000972747803
2018-10-15,0.9330000877380371
2018-10-16,0.8959999084472656
2018-10-17,0.9189999103546143
2018-10-18,0.9199998378753662
2018-10-19,0.937999963760376
2018-10-22,0.9380002021789551
2018-10-23,0.875999927520752
2018-10-24,0.8389999866485596
2018-10-25,0.8559999465942383
2018-10-26,0.8039999008178711
2018-10-29,0.8269999027252197
2018-10-30,0.8269999027252197
2018-10-31,0.8809998035430908
2018-11-01,0.874000072479248
2018-11-02,0.9409999847412109
2018-11-05,0.9330000877380371
2018-11-06,0.9040000438690186
2018-11-07,0.9030001163482666
2018-11-08,0.9309999942779541
2018-11-09,0.8889999389648438
2018-11-12,0.8860001564025879
2018-11-13,0.8499999046325684
2018-11-14,0.7949998378753662
2018-11-15,0.8080000877380371
2018-11-16,0.7739999294281006
2018-11-19,0.7569999694824219
2018-11-20,0.7130000591278076
2018-11-21,0.7110002040863037
2018-11-23,0.7059998512268066
2018-11-26,0.7290000915527344
2018-11-27,0.7020001411437988
2018-11-28,0.7089998722076416
2018-11-29,0.7250001430511475
2018-11-30,0.7049999237060547
2018-12-03,0.7039999961853027
2018-12-04,0.5590000152587891
2018-12-06,0.5230000019073486
2018-12-07,0.5099999904632568
2018-12-10,0.5260000228881836
2018-12-11,0.5090000629425049
2018-12-12,0.5309998989105225
2018-12-13,0.5480000972747803
2018-12-14,0.5230000019073486
2018-12-17,0.5170001983642578
2018-12-18,0.49699997901916504
2018-12-19,0.440000057220459
2018-12-20,0.45399999618530273
2018-12-21,0.46200013160705566
2018-12-24,0.4160001277923584
2018-12-26,0.41699981689453125
2018-12-27,0.39499998092651367
2018-12-28,0.40799999237060547
2018-12-31,0.3860001564025879
2019-01-02,0.29600000381469727
2019-01-03,0.19899988174438477
2019-01-04,0.30099987983703613
2019-01-07,0.32899999618530273
2019-01-08,0.31599998474121094
2019-01-09,0.3379998207092285
2019-01-10,0.3559999465942383
2019-01-11,0.33100008964538574
2019-01-14,0.35000014305114746
2019-01-15,0.3280000686645508
2019-01-16,0.3680000305175781
2019-01-17,0.3940000534057617
2019-01-18,0.43599987030029297
2019-01-22,0.38499999046325684
2019-01-23,0.40200018882751465
2019-01-24,0.4069998264312744
2019-01-25,0.4249999523162842
2019-01-28,0.41100001335144043
2019-01-29,0.3469998836517334
2019-01-30,0.3299999237060547
2019-01-31,0.2950000762939453
2019-02-01,0.3510000705718994
2019-02-04,0.38899993896484375
2019-02-05,0.33699989318847656
2019-02-06,0.33699989318847656
2019-02-07,0.2969999313354492
2019-02-08,0.2669999599456787
2019-02-11,0.28600001335144043
2019-02-12,0.3059999942779541
2019-02-13,0.33500003814697266
2019-02-14,0.2840001583099365
2019-02-15,0.29600000381469727
2019-02-19,0.2740001678466797
2019-02-20,0.2710001468658447
2019-02-21,0.2929999828338623
2019-02-22,0.26200008392333984
2019-02-25,0.2800002098083496
2019-02-26,0.23599982261657715
2019-02-27,0.3000001907348633
2019-02-28,0.3280000686645508
2019-03-01,0.377000093460083
2019-03-04,0.3469998836517334
2019-03-05,0.32199978828430176
2019-03-06,0.2869999408721924
2019-03-07,0.24099993705749512
2019-03-08,0.23200011253356934
2019-03-11,0.2629997730255127
2019-03-12,0.21000003814697266
2019-03-13,0.22300004959106445
2019-03-14,0.24200010299682617
2019-03-15,0.2049999237060547
2019-03-18,0.21700000762939453
2019-03-19,0.2090001106262207
2019-03-20,0.127000093460083
2019-03-21,0.12899994850158691
2019-03-22,0.056999921798706055
2019-03-25,0.029999971389770508
2019-03-26,0.009000062942504883
2019-03-27,-0.003999948501586914
2019-03-28,0.01900005340576172
2019-03-29,0.08599996566772461
2019-04-01,0.17400002479553223
2019-04-02,0.11100006103515625
2019-04-03,0.14400005340576172
2019-04-04,0.1420001983642578
2019-04-05,0.13100004196166992
2019-04-08,0.15400004386901855
2019-04-09,0.13400006294250488
2019-04-10,0.11400008201599121
2019-04-11,0.13899993896484375
2019-04-12,0.18499994277954102
2019-04-15,0.19300007820129395
2019-04-16,0.21399998664855957
2019-04-17,0.21199989318847656
2019-04-18,0.19499993324279785
2019-04-22,0.21499991416931152
2019-04-23,0.17999982833862305
2019-04-24,0.14700007438659668
2019-04-25,0.16899991035461426
2019-04-26,0.14500021934509277
2019-04-29,0.17600011825561523
2019-04-30,0.14100003242492676
2019-05-01,0.14800000190734863
2019-05-02,0.1790001392364502
2019-05-03,0.16299986839294434
2019-05-06,0.13700008392333984
2019-05-07,0.07999992370605469
2019-05-08,0.1120002269744873
2019-05-09,0.08700013160705566
2019-05-10,0.08500003814697266
2019-05-13,0.05500006675720215
2019-05-14,0.06599998474121094
2019-05-15,0.029000043869018555
2019-05-16,0.06699991226196289
2019-05-17,0.06299996376037598
2019-05-20,0.09599995613098145
2019-05-21,0.09600019454956055
2019-05-22,0.07299995422363281
2019-05-23,-0.006999969482421875
2019-05-24,0.03599977493286133
2019-05-28,-0.03000020980834961
2019-05-29,-0.06200003623962402
2019-05-30,-0.08299994468688965
2019-05-31,-0.1510000228881836
2019-06-03,-0.19899988174438477
2019-06-04,-0.17600011825561523
2019-06-05,-0.16200017929077148
2019-06-06,-0.13100004196166992
2019-06-07,-0.13099980354309082
2019-06-10,-0.07700014114379883
2019-06-11,-0.07299995422363281
2019-06-12,-0.037999868392944336
2019-06-13,-0.04900002479553223
2019-06-14,-0.032000064849853516
2019-06-17,-0.05200004577636719
2019-06-18,-0.10800004005432129
2019-06-19,-0.09599995613098145
2019-06-20,-0.07700014114379883
2019-06-21,0.013000011444091797
2019-06-24,-0.037000179290771484
2019-06-25,-0.08899998664855957
2019-06-26,-0.04399991035461426
2019-06-27,-0.07999992370605469
2019-06-28,-0.03500008583068848
2019-07-01,-0.031000137329101562
2019-07-02,-0.17200005054473877
2019-07-03,-0.1970001459121704
2019-07-05,-0.11500000953674316
2019-07-08,-0.14400005340576172
2019-07-09,-0.14100003242492676
2019-07-10,-0.0690000057220459
2019-07-11,0.021999835968017578
2019-07-12,0.016000032424926758
2019-07-15,0.006999969482421875
2019-07-16,0.01900005340576172
2019-07-17,-0.011999845504760742
2019-07-18,0.02500009536743164
2019-07-19,0.03500008583068848
2019-07-22,0.017999887466430664
2019-07-23,0.0409998893737793
2019-07-24,0.009999990463256836
2019-07-25,0.01399993896484375
2019-07-26,0.018000125885009766
2019-07-29,0.005000114440917969
2019-07-30,0.021000146865844727
2019-07-31,-0.009000062942504883
2019-08-01,-0.1359999179840088
2019-08-02,-0.14499998092651367
2019-08-05,-0.21799993515014648
2019-08-06,-0.2560000419616699
2019-08-07,-0.284000039100647
2019-08-08,-0.25400006771087646
2019-08-09,-0.21600008010864258
2019-08-12,-0.28899991512298584
2019-08-13,-0.27500009536743164
2019-08-14,-0.3270000219345093
2019-08-15,-0.3140000104904175
2019-08-16,-0.2839999198913574
2019-08-19,-0.2549999952316284
2019-08-20,-0.33899998664855957
2019-08-21,-0.35099995136260986
2019-08-22,-0.32799994945526123
2019-08-23,-0.3819999694824219
2019-08-26,-0.3880000114440918
2019-08-27,-0.45299994945526123
2019-08-28,-0.47400009632110596
2019-08-29,-0.4240000247955322
2019-08-30,-0.42699992656707764
2019-09-03,-0.4440000057220459
2019-09-04,-0.44599997997283936
2019-09-05,-0.3549998998641968
2019-09-06,-0.36000001430511475
2019-09-09,-0.28600001335144043
2019-09-10,-0.2109999656677246
2019-09-11,-0.1799999475479126
2019-09-12,-0.10399997234344482
2019-09-13,0.003000020980834961
2019-09-16,-0.10400009155273438
2019-09-17,-0.12599992752075195
2019-09-18,-0.09399998188018799
2019-09-19,-0.10899996757507324
2019-09-20,-0.09500002861022949
2019-09-23,-0.13700008392333984
2019-09-24,-0.24500000476837158
2019-09-25,-0.11300003528594971
2019-09-26,-0.08500003814697266
2019-09-27,-0.05500006675720215
2019-09-30,-0.09500002861022949
2019-10-01,-0.10899996757507324
2019-10-02,-0.1390000581741333
2019-10-03,-0.12899994850158691
2019-10-04,-0.13999998569488525
2019-10-07,-0.12000000476837158
2019-10-08,-0.11800003051757812
2019-10-09,-0.03900003433227539
2019-10-10,0.02499997615814209
2019-10-11,0.12899994850158691
2019-10-14,0.11500000953674316
2019-10-15,0.15299999713897705
2019-10-16,0.13300001621246338
2019-10-17,0.13199996948242188
2019-10-18,0.12199997901916504
2019-10-21,0.16700005531311035
2019-10-22,0.15299999713897705
2019-10-23,0.14399993419647217
2019-10-24,0.14300000667572021
2019-10-25,0.17599999904632568
2019-10-28,0.24800002574920654
2019-10-29,0.24000000953674316
2019-10-30,0.20299994945526123
2019-10-31,0.1929999589920044
2019-11-01,0.24300003051757812
2019-11-04,0.28299999237060547
2019-11-05,0.34800004959106445
2019-11-06,0.2990000247955322
2019-11-07,0.40799999237060547
2019-11-08,0.4229999780654907
2019-11-11,0.4299999475479126
2019-11-12,0.3760000467300415
2019-11-13,0.33500003814697266
2019-11-14,0.28700006008148193
2019-11-15,0.3059999942779541
2019-11-18,0.2849999666213989
2019-11-19,0.26100003719329834
2019-11-20,0.21800005435943604
2019-11-21,0.24199998378753662
2019-11-22,0.23100006580352783
2019-11-25,0.21900010108947754
2019-11-26,0.17499995231628418
2019-11-27,0.20199990272521973
2019-11-29,0.23600006103515625
2019-12-02,0.2979999780654907
2019-12-03,0.17100000381469727
2019-12-04,0.28299999237060547
2019-12-05,0.30400002002716064
2019-12-06,0.3619999885559082
2019-12-09,0.3309999704360962
2019-12-10,0.3179999589920044
2019-12-11,0.26999998092651367
2019-12-12,0.3669999837875366
2019-12-13,0.29600000381469727
2019-12-16,0.3669999837875366
2019-12-17,0.3590000867843628
2019-12-18,0.406000018119812
2019-12-19,0.375
2019-12-20,0.3890000581741333
2019-12-23,0.41499996185302734
2019-12-24,0.37199997901916504
2019-12-26,0.3700000047683716
2019-12-27,0.3559999465942383
2019-12-30,0.4049999713897705
2019-12-31,0.4140000343322754
2020-01-02,0.3869999647140503
2020-01-03,0.31499993801116943
2020-01-06,0.3229999542236328
2020-01-07,0.3270000219345093
2020-01-08,0.38099992275238037
2020-01-09,0.3580000400543213
2020-01-10,0.3270000219345093
2020-01-13,0.3380000591278076
2020-01-14,0.2879999876022339
2020-01-15,0.2799999713897705
2020-01-16,0.29100000858306885
2020-01-17,0.312999963760376
2020-01-21,0.26600003242492676
2020-01-22,0.2560000419616699
2020-01-23,0.2250000238418579
2020-01-24,0.19099998474121094
2020-01-27,0.10000002384185791
2020-01-28,0.11100006103515625
2020-01-29,0.07400000095367432
2020-01-30,0.029999971389770508
2020-01-31,0.009999990463256836
2020-02-03,0.001999974250793457
2020-02-04,0.06500005722045898
2020-02-05,0.12900006771087646
2020-02-06,0.11400008201599121
2020-02-07,0.059999942779541016
2020-02-10,0.027000069618225098
2020-02-11,0.05200004577636719
2020-02-12,0.09500002861022949
2020-02-13,0.07200002670288086
2020-02-14,0.05300009250640869
2020-02-18,0.021000027656555176
2020-02-19,0.027000069618225098
2020-02-20,-0.013000011444091797
2020-02-21,-0.04700005054473877
2020-02-24,-0.1260000467300415
2020-02-25,-0.15999996662139893
2020-02-26,-0.16800010204315186
2020-02-27,-0.09599995613098145
2020-02-28,-0.10300004482269287
2020-03-02,-0.04699993133544922
2020-03-03,0.09200000762939453
2020-03-04,0.31699997186660767
2020-03-05,0.3309999704360962
2020-03-06,0.29099997878074646
2020-03-09,0.16899999976158142
2020-03-10,0.3580000400543213
2020-03-11,0.4519999921321869
2020-03-12,0.5759999752044678
2020-03-13,0.707999974489212
2020-03-16,0.5429999828338623
2020-03-17,0.8319999724626541
2020-03-18,1.2630000323988497
2020-03-19,1.1469999589025974
2020-03-20,0.9710000231862068
2020-03-23,0.8039999976754189
2020-03-24,0.848999984562397
2020-03-25,0.9279999807476997
2020-03-26,0.9159999862313271
2020-03-27,0.8070000112056732
2020-03-30,0.6570000164210796
2020-03-31,0.6680000144988298
2020-04-01,0.5719999894499779
2020-04-02,0.5619999766349792
2020-04-03,0.5290000140666962
2020-04-06,0.6160000003874302
2020-04-07,0.6079999953508377
2020-04-08,0.5789999961853027
2020-04-09,0.5189999788999557
2020-04-13,0.549000009894371
2020-04-14,0.5869999676942825
2020-04-15,0.5230000093579292
2020-04-16,0.49900002777576447
2020-04-17,0.5509999841451645
2020-04-20,0.5559999868273735
2020-04-21,0.4729999825358391
2020-04-22,0.526000015437603
2020-04-23,0.5199999734759331
2020-04-24,0.4960000142455101
2020-04-27,0.5630000159144402
2020-04-28,0.5250000134110451
2020-04-29,0.5369999706745148
2020-04-30,0.5319999754428864
2020-05-01,0.5490000173449516
2020-05-04,0.5470000207424164
2020-05-05,0.5470000058412552
2020-05-06,0.6030000224709511
2020-05-07,0.535999983549118
2020-05-08,0.5869999825954437
2020-05-11,0.6210000142455101
2020-05-12,0.5549999698996544
2020-05-13,0.5339999869465828
2020-05-14,0.5140000209212303
2020-05-15,0.536999985575676
2020-05-18,0.6390000209212303
2020-05-19,0.5930000245571136
2020-05-20,0.5620000064373016
2020-05-21,0.5669999867677689
2020-05-22,0.5470000058412552
2020-05-26,0.5800000131130219
2020-05-27,0.5450000017881393
2020-05-28,0.5669999867677689
2020-05-29,0.5199999958276749
2020-06-01,0.5339999943971634
2020-06-02,0.5350000113248825
2020-06-03,0.6129999756813049
2020-06-04,0.6799999922513962
2020-06-05,0.7589999884366989
2020-06-08,0.7310000061988831
2020-06-09,0.6639999896287918
2020-06-10,0.5830000191926956
2020-06-11,0.5
2020-06-12,0.5489999949932098
2020-06-15,0.5470000207424164
2020-06-16,0.5959999859333038
2020-06-17,0.5679999738931656
2020-06-18,0.5540000051259995
2020-06-19,0.5540000200271606
2020-06-22,0.5639999955892563
2020-06-23,0.5689999908208847
2020-06-24,0.549000009894371
2020-06-25,0.5440000295639038
2020-06-26,0.5029999762773514
2020-06-29,0.5109999775886536
2020-06-30,0.517999991774559
2020-07-01,0.5519999861717224
2020-07-02,0.5360000282526016
2020-07-06,0.5560000091791153
2020-07-07,0.5099999755620956
2020-07-08,0.517999991774559
2020-07-09,0.4820000156760216
2020-07-10,0.5130000188946724
2020-07-13,0.5149999856948853
2020-07-14,0.482000008225441
2020-07-15,0.5049999952316284
2020-07-16,0.5089999884366989
2020-07-17,0.5230000242590904
2020-07-20,0.515000008046627
2020-07-21,0.49699999392032623
2020-07-22,0.4950000271201134
2020-07-23,0.4790000170469284
2020-07-24,0.4909999892115593
2020-07-27,0.5160000249743462
2020-07-28,0.4779999703168869
2020-07-29,0.48899999260902405
2020-07-30,0.4560000076889992
2020-07-31,0.4530000165104866
2020-08-03,0.48500002175569534
2020-08-04,0.42499998211860657
2020-08-05,0.4479999840259552
2020-08-06,0.4480000138282776
2020-08-07,0.4739999771118164
2020-08-10,0.4860000014305115
2020-08-11,0.5579999908804893
2020-08-12,0.5700000151991844
2020-08-13,0.6260000169277191
2020-08-14,0.6209999918937683
2020-08-17,0.5980000272393227
2020-08-18,0.5690000280737877
2020-08-19,0.5800000131130219
2020-08-20,0.5559999942779541
2020-08-21,0.5519999861717224
2020-08-24,0.5610000267624855
2020-08-25,0.5869999825954437
2020-08-26,0.5939999744296074
2020-08-27,0.6509999930858612
2020-08-28,0.6339999735355377
2020-08-31,0.5980000197887421
2020-09-01,0.5719999894499779
2020-09-02,0.5510000213980675
2020-09-03,0.5219999775290489
2020-09-04,0.6180000156164169
2020-09-08,0.5760000124573708
2020-09-09,0.5980000123381615
2020-09-10,0.5820000022649765
2020-09-11,0.5660000294446945
2020-09-14,0.5710000023245811
2020-09-15,0.5790000185370445
2020-09-16,0.5869999751448631
2020-09-17,0.5990000143647194
2020-09-18,0.6110000088810921
2020-09-21,0.5910000056028366
2020-09-22,0.5759999752044678
2020-09-23,0.5879999995231628
2020-09-24,0.573000006377697
2020-09-25,0.5689999759197235
2020-09-28,0.574999988079071
2020-09-29,0.559999980032444
2020-09-30,0.5919999852776527
2020-10-01,0.5939999893307686
2020-10-02,0.6109999790787697
2020-10-05,0.6770000234246254
2020-10-06,0.6539999842643738
2020-10-07,0.6970000267028809
2020-10-08,0.6769999861717224
2020-10-09,0.6819999739527702
2020-10-12,0.6870000064373016
2020-10-13,0.6339999958872795
2020-10-14,0.6220000013709068
2020-10-15,0.636000007390976
2020-10-16,0.6540000140666962
2020-10-19,0.6709999740123749
2020-10-20,0.7019999921321869
2020-10-21,0.7259999811649323
2020-10-22,0.76299998909235
2020-10-23,0.758000023663044
2020-10-26,0.721000000834465
2020-10-27,0.6879999935626984
2020-10-28,0.6910000145435333
2020-10-29,0.751999981701374
2020-10-30,0.7770000174641609
2020-11-02,0.7659999802708626
2020-11-03,0.792000025510788
2020-11-04,0.6850000098347664
2020-11-05,0.6910000219941139
2020-11-06,0.7369999960064888
2020-11-09,0.8700000047683716
2020-11-10,0.8819999992847443
2020-11-11,0.8680000007152557
2020-11-12,0.7999999895691872
2020-11-13,0.8100000098347664
2020-11-16,0.8310000151395798
2020-11-17,0.7919999808073044
2020-11-18,0.8070000261068344
2020-11-19,0.7939999736845493
2020-11-20,0.7709999978542328
2020-11-23,0.7869999930262566
2020-11-24,0.802000030875206
2020-11-25,0.7980000227689743
2020-11-27,0.7690000087022781
2020-11-30,0.7689999788999557
2020-12-01,0.8540000170469284
2020-12-02,0.8730000108480453
2020-12-03,0.8450000137090683
2020-12-04,0.8939999788999557
2020-12-07,0.8579999729990959
2020-12-08,0.8449999839067459
2020-12-09,0.8709999844431877
2020-12-10,0.8379999920725822
2020-12-11,0.828000009059906
2020-12-14,0.832000020891428
2020-12-15,0.8529999777674675
2020-12-16,0.8450000137090683
2020-12-17,0.8500000089406967
2020-12-18,0.8680000156164169
2020-12-21,0.8629999831318855
2020-12-22,0.8399999812245369
2020-12-23,0.8799999803304672
2020-12-24,0.8529999703168869
2020-12-28,0.8530000299215317
2020-12-29,0.8449999988079071
2020-12-30,0.8559999987483025
2020-12-31,0.8519999980926514
2021-01-04,0.8489999920129776
2021-01-05,0.876999981701374
2021-01-06,0.9640000537037849
2021-01-07,0.9909999817609787
2021-01-08,1.0250000208616257
2021-01-11,1.0519999712705612
2021-01-12,1.0580000132322311
2021-01-13,1.008000060915947
2021-01-14,1.0539999455213547
2021-01-15,1.0219999998807907
2021-01-19,1.0190000087022781
2021-01-20,1.0150000303983688
2021-01-21,1.0359999686479568
2021-01-22,1.0209999606013298
2021-01-25,0.9699999615550041
2021-01-26,0.9719999581575394
2021-01-27,0.9540000595152378
2021-01-28,1.0020000413060188
2021-01-29,1.0450000539422035
2021-02-01,1.0290000215172768
2021-02-02,1.0550000183284283
2021-02-03,1.0910000428557396
2021-02-04,1.1090000588446856
2021-02-05,1.1469999570399523
2021-02-08,1.1399999670684338
2021-02-09,1.123999945819378
2021-02-10,1.0980000160634518
2021-02-11,1.1229999922215939
2021-02-12,1.1650000475347042
2021-02-16,1.2640000246465206
2021-02-17,1.265999998897314
2021-02-18,1.263999940827489
2021-02-19,1.322000028565526
2021-02-22,1.3450000043958426
2021-02-23,1.3389999885112047
2021-02-24,1.361000057309866
2021-02-25,1.4850000068545341
2021-02-26,1.425000037997961
2021-03-01,1.417999979108572
2021-03-02,1.3799999617040157
2021-03-03,1.4350000284612179
2021-03-04,1.5219999514520168
2021-03-05,1.5260000191628933
2021-03-08,1.5609999559819698
2021-03-09,1.5110000036656857
2021-03-10,1.489999981597066
2021-03-11,1.4989999495446682
2021-03-12,1.6099999900907278
2021-03-15,1.591999993659556
2021-03-16,1.6130000511184335
2021-03-17,1.6330000320449471
2021-03-18,1.7270000190474093
2021-03-19,1.7269999934360385
2021-03-22,1.6790000153705478
2021-03-23,1.6280000116676092
2021-03-24,1.5989999631419778
2021-03-25,1.5989999631419778
2021-03-26,1.644999966956675
2021-03-29,1.7129999557510018
2021-03-30,1.712999951094389
2021-03-31,1.7330000512301922
2021-04-01,1.671000019647181
2021-04-05,1.7050000289455056
2021-04-06,1.6410000184550881
2021-04-07,1.6429999973624945
2021-04-08,1.6269999695941806
2021-04-09,1.6630000085569918
2021-04-12,1.6649999525398016
2021-04-13,1.6080000260844827
2021-04-14,1.623000011779368
2021-04-15,1.519999971613288
2021-04-16,1.5649999538436532
2021-04-19,1.585999951697886
2021-04-20,1.5470000365749002
2021-04-21,1.5510000102221966
2021-04-22,1.5390000203624368
2021-04-23,1.5520000318065286
2021-04-26,1.5620000520721078
2021-04-27,1.6119999792426825
2021-04-28,1.612000004388392
2021-04-29,1.6319999853149056
2021-04-30,1.628000041935593
2021-05-03,1.6019999934360385
2021-05-04,1.582000007852912
2021-05-05,1.5759999910369515
2021-05-06,1.552999989129603
2021-05-07,1.5690000215545297
2021-05-10,1.59699999820441
2021-05-11,1.613999953493476
2021-05-12,1.6850000526756048
2021-05-13,1.6599999824538827
2021-05-14,1.6299999905750155
2021-05-17,1.634999985806644
2021-05-18,1.6319999601691961
2021-05-19,1.6779999686405063
2021-05-20,1.6309999437071383
2021-05-21,1.6289999694563448
2021-05-24,1.6050000400282443
2021-05-25,1.554000010713935
2021-05-26,1.569000001065433
2021-05-27,1.6050000144168735
2021-05-28,1.5729999700561166
2021-06-01,1.6050000097602606
2021-06-02,1.5759999612346292
2021-06-03,1.6100000003352761
2021-06-04,1.5449999431148171
2021-06-07,1.5510000064969063
2021-06-08,1.5079999975860119
2021-06-09,1.4689999632537365
2021-06-10,1.438999991863966
2021-06-11,1.4440000131726265
2021-06-14,1.4860000470653176
2021-06-15,1.4789999537169933
2021-06-16,1.5410000048577785
2021-06-17,1.483000036329031
2021-06-18,1.4220000468194485
2021-06-21,1.4539999682456255
2021-06-22,1.4340000040829182
2021-06-23,1.4469999894499779
2021-06-24,1.4439999870955944
2021-06-25,1.4930000118911266
2021-06-28,1.4380000457167625
2021-06-29,1.440000019967556
2021-06-30,1.402999959886074
2021-07-01,1.440000019967556
2021-07-02,1.3929999954998493
2021-07-06,1.3300000056624413
2021-07-07,1.2779999785125256
2021-07-08,1.24499998614192
2021-07-09,1.3129999451339245
2021-07-12,1.320000033825636
2021-07-13,1.369999960064888
2021-07-14,1.310999944806099
2021-07-15,1.259000051766634
2021-07-16,1.2619999535381794
2021-07-19,1.1409999951720238
2021-07-20,1.1639999896287918
2021-07-21,1.2349999696016312
2021-07-22,1.2219999842345715
2021-07-23,1.241000011563301
2021-07-26,1.2360000237822533
2021-07-27,1.188999965786934
2021-07-28,1.216000035405159
2021-07-29,1.2290000542998314
2021-07-30,1.1989999637007713
2021-08-02,1.1360000260174274
2021-08-03,1.1309999972581863
2021-08-04,1.1390000134706497
2021-08-05,1.1740000061690807
2021-08-06,1.2469999603927135
2021-08-09,1.272000029683113
2021-08-10,1.2920000068843365
2021-08-11,1.2839999943971634
2021-08-12,1.3239999823272228
2021-08-13,1.2520000487565994
2021-08-16,1.198999971151352
2021-08-17,1.1950000151991844
2021-08-18,1.2180000022053719
2021-08-19,1.1989999823272228
2021-08-20,1.216999989002943
2021-08-23,1.214999996125698
2021-08-24,1.2419999614357948
2021-08-25,1.2970000058412552
2021-08-26,1.2990000061690807
2021-08-27,1.2690000347793102
2021-08-30,1.2469999678432941
2021-08-31,1.2640000209212303
2021-09-01,1.2620000466704369
2021-09-02,1.2540000304579735
2021-09-03,1.2820000275969505
2021-09-07,1.33500000461936
2021-09-08,1.2939999923110008
2021-09-09,1.2610000260174274
2021-09-10,1.3029999621212482
2021-09-13,1.2860000021755695
2021-09-14,1.241999950259924
2021-09-15,1.269000019878149
2021-09-16,1.3009999711066484
2021-09-17,1.3420000039041042
2021-09-20,1.28400001488626
2021-09-21,1.3040000014007092
2021-09-22,1.3109999652951956
2021-09-23,1.38499996624887
2021-09-24,1.4350000377744436
2021-09-27,1.4589999672025442
2021-09-28,1.5040000397711992
2021-09-29,1.511000009253621
2021-09-30,1.5010000430047512
2021-10-01,1.4509999714791775
2021-10-04,1.452999945729971
2021-10-05,1.494000043720007
2021-10-06,1.4840000495314598
2021-10-07,1.530999980866909
2021-10-08,1.565000019967556
2021-10-11,1.5739999637007713
2021-10-12,1.540000043809414
2021-10-13,1.5040000230073929
2021-10-14,1.4790000542998314
2021-10-15,1.537999976426363
2021-10-18,1.5409999899566174
2021-10-19,1.5849999897181988
2021-10-20,1.5860000364482403
2021-10-21,1.6259999983012676
2021-10-22,1.6049999706447124
2021-10-25,1.5849999897181988
2021-10-26,1.568999957293272
2021-10-27,1.4790000431239605
2021-10-28,1.5199999585747719
2021-10-29,1.509000040590763
2021-11-01,1.5350000485777855
2021-11-02,1.5040000230073929
2021-11-03,1.5339999943971634
2021-11-04,1.4890000484883785
2021-11-05,1.412999950349331
2021-11-08,1.4619999788701534
2021-11-09,1.3920000419020653
2021-11-10,1.5149999409914017
2021-11-11,1.5199999436736107
2021-11-12,1.539000015705824
2021-11-15,1.5850000269711018
2021-11-16,1.593999944627285
2021-11-17,1.5589999705553055
2021-11-18,1.5439999848604202
2021-11-19,1.491000011563301
2021-11-22,1.5850000008940697
2021-11-23,1.622000053524971
2021-11-24,1.5949999801814556
2021-11-26,1.438999991863966
2021-11-29,1.4919999726116657
2021-11-30,1.3949999585747719
2021-12-01,1.384000014513731
2021-12-02,1.404999952763319
2021-12-03,1.3000000528991222
2021-12-06,1.3910000137984753
2021-12-07,1.4220000207424164
2021-12-08,1.4489999450743198
2021-12-09,1.433999989181757
2021-12-10,1.4389999620616436
2021-12-13,1.3810000233352184
2021-12-14,1.3899999633431435
2021-12-15,1.4180000573396683
2021-12-16,1.3870000503957272
2021-12-17,1.3719999510794878
2021-12-20,1.381000030785799
2021-12-21,1.421999990940094
2021-12-22,1.3920000195503235
2021-12-23,1.4350000321865082
2021-12-27,1.4379999451339245
2021-12-28,1.4309999458491802
2021-12-29,1.497999981045723
2021-12-30,1.4899999853223562
2021-12-31,1.4789999648928642
2022-01-03,1.5750000216066837
2022-01-04,1.5879999846220016
2022-01-05,1.6200000420212746
2022-01-06,1.6430000364780426
2022-01-07,1.6830000281333923
2022-01-10,1.6899999678134918
2022-01-11,1.6280000507831573
2022-01-12,1.6100000217556953
2022-01-13,1.600999966263771
2022-01-14,1.6539999544620514
2022-01-18,1.7350000143051147
2022-01-19,1.6620000153779984
2022-01-20,1.6649999469518661
2022-01-21,1.5889999717473984
2022-01-24,1.5800000131130219
2022-01-25,1.5979999899864197
2022-01-26,1.670000046491623
2022-01-27,1.6220000386238098
2022-01-28,1.608999952673912
2022-01-31,1.608999952673912
2022-02-01,1.5969999581575394
2022-02-02,1.581000030040741
2022-02-03,1.6340000182390213
2022-02-04,1.7069999426603317
2022-02-07,1.713000014424324
2022-02-08,1.6789999902248383
2022-02-09,1.6590000092983246
2022-02-10,1.6609998941421509
2022-02-11,1.6170000433921814
2022-02-14,1.6360000371932983
2022-02-15,1.6450000703334808
2022-02-16,1.673999935388565
2022-02-17,1.6270000040531158
2022-02-18,1.6140000522136688
2022-02-22,1.617999941110611
2022-02-23,1.6369999945163727
2022-02-24,1.6859999895095825
2022-02-25,1.6879999339580536
2022-02-28,1.5509999990463257
2022-03-01,1.3940000236034393
2022-03-02,1.5400000214576721
2022-03-03,1.5089999735355377
2022-03-04,1.418999969959259
2022-03-07,1.4460000395774841
2022-03-08,1.5119999647140503
2022-03-09,1.5779999494552612
2022-03-10,1.650999903678894
2022-03-11,1.6389999389648438
2022-03-14,1.7620001137256622
2022-03-15,1.7120000720024109
2022-03-16,1.754999965429306
2022-03-17,1.8319998979568481
2022-03-18,1.7650000154972076
2022-03-21,1.8600000441074371
2022-03-22,1.8529999256134033
2022-03-23,1.841000109910965
2022-03-24,1.8580000698566437
2022-03-25,1.9720001220703125
2022-03-28,1.968999981880188
2022-03-29,1.8450000882148743
2022-03-30,1.8330000638961792
2022-03-31,1.833999902009964
2022-04-01,1.877000093460083
2022-04-04,1.8739999532699585
2022-04-05,1.8880000114440918
2022-04-06,1.9459999799728394
2022-04-07,1.9919999241828918
2022-04-08,2.0450000762939453
2022-04-11,2.099999964237213
2022-04-12,1.9869999289512634
2022-04-13,1.9470000267028809
2022-04-14,2.0800000429153442
2022-04-18,2.10699999332428
2022-04-19,2.080000102519989
2022-04-20,2.044999897480011
2022-04-21,2.1170000433921814
2022-04-22,2.125999927520752
2022-04-25,2.027999997138977
2022-04-26,1.9390000700950623
2022-04-27,2.0100000500679016
2022-04-28,2.0779998898506165
2022-04-29,2.0790000557899475
2022-05-02,2.231000065803528
2022-05-03,2.065000057220459
2022-05-04,2.084000051021576
2022-05-05,2.263000011444092
2022-05-06,2.307999908924103
2022-05-09,2.278999984264374
2022-05-10,2.115000009536743
2022-05-11,2.037999987602234
2022-05-12,1.9119999408721924
2022-05-13,1.9919999241828918
2022-05-16,1.8970000743865967
2022-05-17,1.9299999475479126
2022-05-18,1.8829998970031738
2022-05-19,1.8550000190734863
2022-05-20,1.8089999556541443
2022-05-23,1.86599999666214
2022-05-24,1.7170000076293945
2022-05-25,1.7040001153945923
2022-05-26,1.7280000448226929
2022-05-27,1.718000054359436
2022-05-31,1.814000129699707
2022-06-01,1.8279999494552612
2022-06-02,1.8000000715255737
2022-06-03,1.8220000267028809
2022-06-06,1.8780001401901245
2022-06-07,1.7469998598098755
2022-06-08,1.7960000038146973
2022-06-09,1.8059998750686646
2022-06-10,1.8679999113082886
2022-06-13,1.8679999113082886
2022-06-14,1.7400000095367432
2022-06-15,1.6999999284744263
2022-06-16,1.8239998817443848
2022-06-17,1.7290000915527344
2022-06-21,1.8189998865127563
2022-06-22,1.6109999418258667
2022-06-23,1.508000135421753
2022-06-24,1.5269999504089355
2022-06-27,1.5609999895095825
2022-06-28,1.468000054359436
2022-06-29,1.3879998922348022
2022-06-30,1.3719998598098755
2022-07-01,1.2859998941421509
2022-07-05,1.1790000200271606
2022-07-06,1.0730000734329224
2022-07-07,1.154999852180481
2022-07-08,1.2580000162124634
2022-07-11,1.0379999876022339
2022-07-12,0.8450000286102295
2022-07-13,0.5810000896453857
2022-07-14,0.687000036239624
2022-07-15,0.690000057220459
2022-07-18,0.7000000476837158
2022-07-19,0.5690000057220459
2022-07-20,0.6579999923706055
2022-07-21,0.5500001907348633
2022-07-22,0.42799997329711914
2022-07-25,0.4270000457763672
2022-07-26,0.312000036239624
2022-07-27,0.3510000705718994
2022-07-28,0.372999906539917
2022-07-29,0.34399986267089844
2022-08-01,0.3409998416900635
2022-08-02,0.2779998779296875
2022-08-03,0.31999993324279785
2022-08-04,0.2980000972747803
2022-08-05,0.42999982833862305
2022-08-08,0.30500006675720215
2022-08-09,0.22699999809265137
2022-08-10,0.25099992752075195
2022-08-11,0.39800000190734863
2022-08-12,0.3489999771118164
2022-08-15,0.2779998779296875
2022-08-16,0.2259998321533203
2022-08-17,0.3249998092651367
2022-08-18,0.315000057220459
2022-08-19,0.4090001583099365
2022-08-22,0.38899993896484375
2022-08-23,0.3509998321533203
2022-08-24,0.39299988746643066
2022-08-25,0.29600000381469727
2022-08-26,0.2799999713897705
2022-08-29,0.3119997978210449
2022-08-30,0.2369999885559082
2022-08-31,0.27300000190734863
2022-09-01,0.40200018882751465
2022-09-02,0.3730001449584961
2022-09-06,0.49499988555908203
2022-09-07,0.3320000171661377
2022-09-08,0.34200000762939453
2022-09-09,0.3530001640319824
2022-09-12,0.36700010299682617
2022-09-13,0.2689998149871826
2022-09-14,0.2839999198913574
2022-09-15,0.3640000820159912
2022-09-16,0.37800002098083496
2022-09-19,0.4549999237060547
2022-09-20,0.3280000686645508
2022-09-21,0.31999993324279785
2022-09-22,0.5779998302459717
2022-09-23,0.5889999866485596
2022-09-26,0.7130000591278076
2022-09-27,0.7139999866485596
2022-09-28,0.47499990463256836
2022-09-29,0.5290000438690186
2022-09-30,0.623999834060669
2022-10-03,0.500999927520752
2022-10-04,0.3020000457763672
2022-10-05,0.4660000801086426
2022-10-06,0.5379998683929443
2022-10-07,0.5899999141693115
2022-10-10,0.6029999256134033
2022-10-11,0.5989999771118164
2022-10-12,0.3689999580383301
2022-10-13,0.3689999580383301
2022-10-14,0.382000207901001
2022-10-17,0.3269999027252197
2022-10-18,0.16499996185302734
2022-10-19,0.23399996757507324
2022-10-20,0.3359997272491455
2022-10-21,0.3279998302459717
2022-10-24,0.3210000991821289
2022-10-25,0.14299988746643066
2022-10-26,0.08499979972839355
2022-10-27,0.006999969482421875
2022-10-28,0.040000200271606445
2022-10-31,0.10200023651123047
2022-11-01,0.0019998550415039062
2022-11-02,0.03399991989135742
2022-11-03,0.0989999771118164
2022-11-04,0.14300012588500977
2022-11-07,0.23100018501281738
2022-11-08,0.03599977493286133
2022-11-09,0.05800008773803711
2022-11-10,-0.2259998321533203
2022-11-11,-0.2500002384185791
2022-11-14,-0.20299983024597168
2022-11-15,-0.33100008964538574
2022-11-16,-0.4330000877380371
2022-11-17,-0.3379998207092285
2022-11-18,-0.317000150680542
2022-11-21,-0.27300000190734863
2022-11-22,-0.440000057220459
2022-11-23,-0.493999719619751
2022-11-25,-0.48400020599365234
2022-11-28,-0.48000001907348633
2022-11-29,-0.5049998760223389
2022-11-30,-0.5499997138977051
2022-12-01,-0.6639997959136963
2022-12-02,-0.7020001411437988
2022-12-05,-0.5590000152587891
2022-12-06,-0.7069997787475586
2022-12-07,-0.7750000953674316
2022-12-08,-0.6590001583099365
2022-12-09,-0.6059999465942383
2022-12-12,-0.5570001602172852
2022-12-13,-0.7470002174377441
2022-12-14,-0.7169997692108154
2022-12-15,-0.7629997730255127
2022-12-16,-0.6809999942779541
2022-12-19,-0.5820000171661377
2022-12-20,-0.5460000038146973
2022-12-21,-0.5209999084472656
2022-12-22,-0.5390002727508545
2022-12-23,-0.4419999122619629
2022-12-27,-0.33500027656555176
2022-12-28,-0.45099973678588867
2022-12-29,-0.46000003814697266
2022-12-30,-0.381000280380249
2023-01-03,-0.46200013160705566
2023-01-04,-0.6909999847412109
2023-01-05,-0.7780001163482666
2023-01-06,-0.9240000247955322
2023-01-09,-0.9659998416900635
2023-01-10,-0.9440000057220459
2023-01-11,-1.000999927520752
2023-01-12,-1.0260000228881836
2023-01-13,-0.9769999980926514
2023-01-17,-0.9579999446868896
2023-01-18,-1.1550002098083496
2023-01-19,-1.128000020980835
2023-01-20,-1.0540001392364502
2023-01-23,-1.0099997520446777
2023-01-24,-1.1039998531341553
2023-01-25,-1.0830001831054688
2023-01-26,-1.0500001907348633
2023-01-27,-1.0299999713897705
2023-01-30,-0.9839997291564941
2023-01-31,-1.0410001277923584
2023-02-01,-1.122999906539917
2023-02-02,-1.1140003204345703
2023-02-03,-0.990999698638916
2023-02-06,-0.8989999294281006
2023-02-07,-0.8960001468658447
2023-02-08,-0.931999921798706
2023-02-09,-0.929999828338623
2023-02-10,-0.8910002708435059
2023-02-13,-0.9279999732971191
2023-02-14,-0.8989999294281006
2023-02-15,-0.8340001106262207
2023-02-16,-0.8220000267028809
2023-02-17,-0.8519997596740723
2023-02-21,-0.7330002784729004
2023-02-22,-0.7720000743865967
2023-02-23,-0.8110001087188721
2023-02-24,-0.754000186920166
2023-02-27,-0.7430000305175781
2023-02-28,-0.7940001487731934
2023-03-01,-0.7309999465942383
2023-03-02,-0.6500000953674316
2023-03-03,-0.7539999485015869
2023-03-06,-0.7450001239776611
2023-03-07,-0.869999885559082
2023-03-08,-0.9069998264312744
2023-03-09,-0.9230000972747803
2023-03-10,-1.1080000400543213
2023-03-13,-1.1429998874664307
2023-03-14,-1.0419998168945312
2023-03-15,-1.065999984741211
2023-03-16,-0.945000171661377
2023-03-17,-0.8980002403259277
2023-03-20,-0.9840002059936523
2023-03-21,-0.999000072479248
2023-03-22,-1.063000202178955
2023-03-23,-1.0969998836517334
2023-03-24,-1.122999668121338
2023-03-27,-1.0550000667572021
2023-03-28,-1.063999891281128
2023-03-29,-1.064000129699707
2023-03-30,-1.113999843597412
2023-03-31,-1.0910000801086426
2023-04-03,-1.1400001049041748
2023-04-04,-1.3910002708435059
2023-04-05,-1.4179999828338623
2023-04-06,-1.4219999313354492
2023-04-10,-1.4229998588562012
2023-04-11,-1.446000099182129
2023-04-12,-1.439000129699707
2023-04-13,-1.4030001163482666
2023-04-14,-1.3809998035430908
2023-04-17,-1.3319997787475586
2023-04-18,-1.4580001831054688
2023-04-19,-1.3929998874664307
2023-04-20,-1.4000000953674316
2023-04-21,-1.3799998760223389
2023-04-24,-1.3580000400543213
2023-04-25,-1.5570001602172852
2023-04-26,-1.5530002117156982
2023-04-27,-1.4719998836517334
2023-04-28,-1.4709999561309814
2023-05-01,-1.2909998893737793
2023-05-02,-1.6010000705718994
2023-05-03,-1.6919996738433838
2023-05-04,-1.7039997577667236
2023-05-05,-1.6339998245239258
2023-05-08,-1.5620002746582031
2023-05-09,-1.6020002365112305
2023-05-10,-1.626000165939331
2023-05-11,-1.617999792098999
2023-05-12,-1.5649998188018799
2023-05-15,-1.4920001029968262
2023-05-16,-1.5090000629425049
2023-05-17,-1.5069997310638428
2023-05-18,-1.4769999980926514
2023-05-19,-1.3930001258850098
2023-05-22,-1.3759996891021729
2023-05-23,-1.4549999237060547
2023-05-24,-1.4659998416900635
2023-05-25,-1.3490002155303955
2023-05-26,-1.304999828338623
2023-05-30,-1.443000078201294
2023-05-31,-1.6110000610351562
2023-06-01,-1.5950000286102295
2023-06-02,-1.5240001678466797
2023-06-05,-1.4500000476837158
2023-06-06,-1.4590001106262207
2023-06-07,-1.36899995803833
2023-06-08,-1.3859999179840088
2023-06-09,-1.3499999046325684
2023-06-12,-1.3299996852874756
2023-06-13,-1.2609999179840088
2023-06-14,-1.2839999198913574
2023-06-15,-1.3269999027252197
2023-06-16,-1.2960000038146973
2023-06-20,-1.3459997177124023
2023-06-21,-1.4120001792907715
2023-06-22,-1.3360002040863037
2023-06-23,-1.3989999294281006
2023-06-26,-1.436000108718872
2023-06-27,-1.4119999408721924
2023-06-28,-1.4600000381469727
2023-06-29,-1.321000099182129
2023-06-30,-1.3339998722076416
2023-07-03,-1.2869999408721924
2023-07-05,-1.247999906539917
2023-07-06,-1.1719999313354492
2023-07-07,-1.1629996299743652
2023-07-10,-1.2189998626708984
2023-07-11,-1.2630000114440918
2023-07-12,-1.36899995803833
2023-07-13,-1.4620001316070557
2023-07-14,-1.3960001468658447
2023-07-17,-1.435999870300293
2023-07-18,-1.4590001106262207
2023-07-19,-1.5029997825622559
2023-07-20,-1.3889999389648438
2023-07-21,-1.4110002517700195
2023-07-24,-1.3929998874664307
2023-07-25,-1.3529999256134033
2023-07-26,-1.4170000553131104
2023-07-27,-1.25600004196167
2023-07-28,-1.2860000133514404
2023-07-31,-1.2890000343322754
2023-08-01,-1.2090001106262207
2023-08-02,-1.1820001602172852
2023-08-03,-1.0689997673034668
2023-08-04,-1.1929998397827148
2023-08-07,-1.1820001602172852
2023-08-08,-1.249000072479248
2023-08-09,-1.2680001258850098
2023-08-10,-1.188000202178955
2023-08-11,-1.0969996452331543
2023-08-14,-1.0859999656677246
2023-08-15,-1.059000015258789
2023-08-16,-1.0269999504089355
2023-08-17,-0.9699997901916504
2023-08-18,-1.0269999504089355
2023-08-21,-0.9380002021789551
2023-08-22,-0.9670000076293945
2023-08-23,-1.0970001220703125
2023-08-24,-1.0679998397827148
2023-08-25,-1.0760002136230469
2023-08-28,-1.1110000610351562
2023-08-29,-1.1979999542236328
2023-08-30,-1.1970000267028809
2023-08-31,-1.2049999237060547
2023-09-01,-1.0950002670288086
2023-09-05,-1.0099997520446777
2023-09-06,-1.010000228881836
2023-09-07,-1.0229997634887695
2023-09-08,-1.0350003242492676
2023-09-11,-1.005000114440918
2023-09-12,-1.0409998893737793
2023-09-13,-1.055999755859375
2023-09-14,-1.0069999694824219
2023-09-15,-0.9759998321533203
2023-09-18,-0.9810004234313965
2023-09-19,-0.945000171661377
2023-09-20,-0.9660000801086426
2023-09-21,-0.8249998092651367
2023-09-22,-0.866999626159668
2023-09-25,-0.7710003852844238
2023-09-26,-0.7669997215270996
2023-09-27,-0.7039999961853027
2023-09-28,-0.7109999656677246
2023-09-29,-0.7270002365112305
2023-10-02,-0.6319999694824219
2023-10-03,-0.5380001068115234
2023-10-04,-0.5999999046325684
2023-10-05,-0.6079998016357422
2023-10-06,-0.564000129699707
2023-10-09,-0.5510001182556152
2023-10-10,-0.6679997444152832
2023-10-11,-0.7400002479553223
2023-10-12,-0.6230001449584961
2023-10-13,-0.6989998817443848
2023-10-16,-0.6160001754760742
2023-10-17,-0.4930000305175781
2023-10-18,-0.42600011825561523
2023-10-19,-0.32200002670288086
2023-10-20,-0.37600040435791016
2023-10-23,-0.4550004005432129
2023-10-24,-0.4679999351501465
2023-10-25,-0.3619999885559082
2023-10-26,-0.4550004005432129
2023-10-27,-0.46000003814697266
2023-10-30,-0.4380002021789551
2023-10-31,-0.44500017166137695
2023-11-01,-0.5110001564025879
2023-11-02,-0.6009998321533203
2023-11-03,-0.6949996948242188
2023-11-06,-0.5980000495910645
2023-11-07,-0.7019996643066406
2023-11-08,-0.7450003623962402
2023-11-09,-0.6329998970031738
2023-11-10,-0.6220002174377441
2023-11-13,-0.6280002593994141
2023-11-14,-0.8119997978210449
2023-11-15,-0.7200002670288086
2023-11-16,-0.7979998588562012
2023-11-17,-0.7919998168945312
2023-11-20,-0.8159999847412109
2023-11-21,-0.8369998931884766
2023-11-22,-0.8489999771118164
2023-11-24,-0.7809996604919434
2023-11-27,-0.8689999580383301
2023-11-28,-0.9240002632141113
2023-11-29,-0.9689998626708984
2023-11-30,-0.8859996795654297
2023-12-01,-0.9890003204345703
2023-12-04,-0.934999942779541
2023-12-05,-1.0720000267028809
2023-12-06,-1.1220002174377441
2023-12-07,-1.1039996147155762
2023-12-08,-0.9879999160766602
2023-12-11,-0.9939999580383301
2023-12-12,-1.0420002937316895
2023-12-13,-1.190000057220459
2023-12-14,-1.2850000858306885
2023-12-15,-1.2969999313354492
2023-12-18,-1.2709999084472656
2023-12-19,-1.315999984741211
2023-12-20,-1.3529999256134033
2023-12-21,-1.315999984741211
2023-12-22,-1.3070001602172852
2023-12-26,-1.317000150680542
2023-12-27,-1.446000099182129
2023-12-28,-1.3680000305175781
2023-12-29,-1.313999891281128
2024-01-02,-1.2669997215270996
2024-01-03,-1.3280000686645508
2024-01-04,-1.2370002269744873
2024-01-05,-1.1779999732971191
2024-01-08,-1.2179999351501465
2024-01-09,-1.2109999656677246
2024-01-10,-1.1949996948242188
2024-01-11,-1.2409999370574951
2024-01-12,-1.247999906539917
2024-01-16,-1.1370000839233398
2024-01-17,-1.1090002059936523
2024-01-18,-1.055999755859375
2024-01-19,-1.0520000457763672
2024-01-22,-1.1059999465942383
2024-01-23,-1.0679998397827148
2024-01-24,-1.0320000648498535
2024-01-25,-1.063000202178955
2024-01-26,-1.0399999618530273
2024-01-29,-1.1089997291564941
2024-01-30,-1.1440000534057617
2024-01-31,-1.2210001945495605
2024-02-01,-1.3369998931884766
2024-02-02,-1.1770000457763672
2024-02-05,-1.064000129699707
2024-02-06,-1.1329998970031738
2024-02-07,-1.1129999160766602
2024-02-08,-1.0479998588562012
2024-02-09,-1.0329999923706055
2024-02-12,-1.0560002326965332
2024-02-13,-0.9169998168945312
2024-02-14,-0.9509997367858887
2024-02-15,-0.9780001640319824
2024-02-16,-0.9279999732971191
2024-02-20,-0.9379997253417969
2024-02-21,-0.9100003242492676
2024-02-22,-0.9059996604919434
2024-02-23,-0.9799995422363281
2024-02-26,-0.9510002136230469
2024-02-27,-0.929999828338623
2024-02-28,-0.9659996032714844
2024-02-29,-0.9710001945495605
2024-03-01,-1.0350003242492676
2024-03-04,-1.004000186920166
2024-03-05,-1.0879998207092285
2024-03-06,-1.125999927520752
2024-03-07,-1.136000156402588
2024-03-08,-1.1389999389648438
2024-03-11,-1.1359996795654297
2024-03-12,-1.0849995613098145
2024-03-13,-1.0460000038146973
2024-03-14,-0.940000057220459
2024-03-15,-0.9340000152587891
2024-03-18,-0.8979997634887695
2024-03-19,-0.9409999847412109
2024-03-20,-0.9550004005432129
2024-03-21,-0.9570002555847168
2024-03-22,-1.001999855041504
2024-03-25,-0.9650001525878906
2024-03-26,-0.9839997291564941
2024-03-27,-1.0190000534057617
2024-03-28,-0.9970002174377441
2024-04-01,-0.8889999389648438
2024-04-02,-0.8480000495910645
2024-04-03,-0.8550000190734863
2024-04-04,-0.8940000534057617
2024-04-05,-0.8370003700256348
2024-04-08,-0.7990002632141113
2024-04-09,-0.8539996147155762
2024-04-10,-0.6830000877380371
2024-04-11,-0.6619997024536133
2024-04-12,-0.7309999465942383
2024-04-15,-0.6100001335144043
2024-04-16,-0.5739998817443848
2024-04-17,-0.6549997329711914
2024-04-18,-0.5960001945495605
2024-04-19,-0.630000114440918
2024-04-22,-0.6219997406005859
2024-04-23,-0.6469998359680176
2024-04-24,-0.6030001640319824
2024-04-25,-0.5390000343322754
2024-04-26,-0.5689997673034668
2024-04-29,-0.629000186920166
2024-04-30,-0.5590000152587891
2024-05-01,-0.6550002098083496
2024-05-02,-0.6669998168945312
2024-05-03,-0.7350001335144043
2024-05-06,-0.750999927520752
2024-05-07,-0.7800002098083496
2024-05-08,-0.7529997825622559
2024-05-09,-0.7909998893737793
2024-05-10,-0.7389998435974121
2024-05-13,-0.7589998245239258
2024-05-14,-0.7899999618530273
2024-05-15,-0.8839998245239258
2024-05-16,-0.8660001754760742
2024-05-17,-0.8199996948242188
2024-05-20,-0.8029999732971191
2024-05-21,-0.8259997367858887
2024-05-22,-0.810999870300293
2024-05-23,-0.7699999809265137
2024-05-24,-0.7779998779296875
2024-05-28,-0.7060003280639648
2024-05-29,-0.625999927520752
2024-05-30,-0.694000244140625
2024-05-31,-0.7309999465942383
2024-06-03,-0.8410000801086426
2024-06-04,-0.9039998054504395
2024-06-05,-0.9509997367858887
2024-06-06,-0.9519996643066406
2024-06-07,-0.8080000877380371
2024-06-10,-0.7639999389648438
2024-06-11,-0.8410000801086426
2024-06-12,-0.9479999542236328
2024-06-13,-1.001999855041504
2024-06-14,-1.0269999504089355
2024-06-17,-0.9640002250671387
2024-06-18,-1.0180001258850098
2024-06-20,-0.9709997177124023
2024-06-21,-0.9580001831054688
2024-06-24,-0.9619998931884766
2024-06-25,-0.9850001335144043
2024-06-26,-0.9140000343322754
2024-06-27,-0.934999942779541
2024-06-28,-0.869999885559082
2024-07-01,-0.7389998435974121
2024-07-02,-0.7920002937316895
2024-07-03,-0.875
2024-07-05,-0.9530000686645508
2024-07-08,-0.9489998817443848
2024-07-09,-0.9249997138977051
2024-07-10,-0.9449996948242188
2024-07-11,-1.005000114440918
2024-07-12,-1.0089998245239258
2024-07-15,-0.9639997482299805
2024-07-16,-1.0260000228881836
2024-07-17,-1.0490002632141113
2024-07-18,-1.0039997100830078
2024-07-19,-0.9539999961853027
2024-07-22,-0.929999828338623
2024-07-23,-0.9340000152587891
2024-07-24,-0.884000301361084
2024-07-25,-0.9039998054504395
2024-07-26,-0.9550004005432129
2024-07-29,-0.9689998626708984
2024-07-30,-0.9920001029968262
2024-07-31,-1.0260000228881836
2024-08-01,-1.1389997005462646
2024-08-02,-1.2380001544952393
2024-08-05,-1.2749998569488525
2024-08-06,-1.191999912261963
2024-08-07,-1.1119999885559082
2024-08-08,-1.0860002040863037
2024-08-09,-1.1329998970031738
2024-08-12,-1.1640000343322754
2024-08-13,-1.2009999752044678
2024-08-14,-1.2430002689361572
2024-08-15,-1.1539998054504395
2024-08-16,-1.182999849319458
2024-08-19,-1.196000099182129
2024-08-20,-1.2149999141693115
2024-08-21,-1.2269999980926514
2024-08-22,-1.1630001068115234
2024-08-23,-1.193000078201294
2024-08-26,-1.1800000667572021
2024-08-27,-1.1349999904632568
2024-08-28,-1.113999843597412
2024-08-29,-1.0980000495910645
2024-08-30,-1.056999921798706
2024-09-03,-1.1259996891021729
2024-09-04,-1.1800000667572021
2024-09-05,-1.2010002136230469
2024-09-06,-1.1979999542236328
2024-09-09,-1.1979999542236328
2024-09-10,-1.189000129699707
2024-09-11,-1.2219998836517334
2024-09-12,-1.1600000858306885
2024-09-13,-1.1129999160766602
2024-09-16,-1.123999834060669
2024-09-17,-1.0930001735687256
2024-09-18,-0.929999828338623
2024-09-19,-0.8529999256134033
2024-09-20,-0.817000150680542
2024-09-23,-0.7639997005462646
2024-09-24,-0.7589998245239258
2024-09-25,-0.7060000896453857
2024-09-26,-0.6770000457763672
2024-09-27,-0.7329998016357422
2024-09-30,-0.6960000991821289
2024-10-01,-0.7389998435974121
2024-10-02,-0.687999963760376
2024-10-03,-0.6150002479553223
2024-10-04,-0.5240001678466797
2024-10-07,-0.49900007247924805
2024-10-08,-0.49499988555908203
2024-10-09,-0.4679999351501465
2024-10-10,-0.43400001525878906
2024-10-11,-0.4419999122619629
2024-10-14,-0.4200000762939453
2024-10-15,-0.47699975967407227
2024-10-16,-0.4869999885559082
2024-10-17,-0.41899967193603516
2024-10-18,-0.440000057220459
2024-10-21,-0.3359999656677246
2024-10-22,-0.29600000381469727
2024-10-23,-0.2630000114440918
2024-10-24,-0.2870001792907715
2024-10-25,-0.2780003547668457
2024-10-28,-0.20399999618530273
2024-10-29,-0.20599985122680664
2024-10-30,-0.19700002670288086
2024-10-31,-0.14800024032592773
2024-11-01,-0.03900003433227539
2024-11-04,-0.10900020599365234
2024-11-05,-0.13399982452392578
2024-11-06,-0.0039997100830078125
2024-11-07,-0.07899999618530273
2024-11-08,-0.11699962615966797
2024-11-11,-0.10699987411499023
2024-11-12,0.009000301361083984
2024-11-13,0.06100034713745117
2024-11-14,0.03500032424926758
2024-11-15,0.034999847412109375
2024-11-18,0.01100015640258789
2024-11-19,-0.028999805450439453
2024-11-20,-0.0039997100830078125
2024-11-21,0.01900005340576172
2024-11-22,-0.005000114440917969
2024-11-25,-0.1400003433227539
2024-11-26,-0.09299993515014648
2024-11-27,-0.14300012588500977
2024-11-29,-0.19500017166137695
2024-12-02,-0.18400001525878906
2024-12-03,-0.13399982452392578
2024-12-04,-0.16499996185302734
2024-12-05,-0.15000009536743164
2024-12-06,-0.14400005340576172
2024-12-09,-0.09400033950805664
2024-12-10,-0.06399965286254883
2024-12-11,0.015999794006347656
2024-12-12,0.10099983215332031
2024-12-13,0.1810002326965332
2024-12-16,0.16899967193603516
2024-12-17,0.14500045776367188
2024-12-18,0.26200008392333984
2024-12-19,0.35000038146972656
2024-12-20,0.30900001525878906
2024-12-23,0.3839998245239258
2024-12-24,0.39100027084350586
2024-12-26,0.3639998435974121
2024-12-27,0.44099998474121094
2024-12-30,0.36299991607666016
2024-12-31,0.36499977111816406
2025-01-02,0.36699962615966797
2025-01-03,0.4030003547668457
2025-01-06,0.42799997329711914
2025-01-07,0.48000001907348633
2025-01-08,0.48799991607666016
2025-01-10,0.5630002021789551
2025-01-13,0.5850000381469727
2025-01-14,0.5750002861022949
2025-01-15,0.4479999542236328
2025-01-16,0.41099977493286133
2025-01-17,0.4160003662109375
2025-01-21,0.3769998550415039
2025-01-22,0.3839998245239258
2025-01-23,0.4250001907348633
2025-01-24,0.42100000381469727
2025-01-27,0.3399996757507324
2025-01-28,0.36100006103515625
2025-01-29,0.36699962615966797
2025-01-30,0.3299999237060547
2025-01-31,0.3809995651245117
2025-02-03,0.3530001640319824
2025-02-04,0.3000001907348633
2025-02-05,0.21199989318847656
2025-02-06,0.22700023651123047
2025-02-07,0.2589998245239258
2025-02-10,0.2649998664855957
2025-02-11,0.3120002746582031
2025-02-12,0.4089999198913574
2025-02-13,0.3120002746582031
2025-02-14,0.259000301361084
2025-02-18,0.33100032806396484
2025-02-19,0.3169999122619629
2025-02-20,0.2950000762939453
2025-02-21,0.22300004959106445
2025-02-24,0.20300006866455078
2025-02-25,0.11599969863891602
2025-02-26,0.0560002326965332
2025-02-27,0.08999967575073242
2025-02-28,0.03800010681152344
2025-03-03,-0.013000011444091797
2025-03-04,0.014999866485595703
2025-03-05,0.059999942779541016
2025-03-06,0.08899974822998047
2025-03-07,0.11999988555908203
2025-03-10,0.0279998779296875
2025-03-11,0.09299993515014648
2025-03-12,0.12099981307983398
2025-03-13,0.08599996566772461
2025-03-14,0.11999988555908203
2025-03-17,0.11800003051757812
2025-03-18,0.08599996566772461
2025-03-19,0.06599998474121094
2025-03-20,0.05099964141845703
2025-03-21,0.06699991226196289
2025-03-24,0.14899969100952148
2025-03-25,0.125
2025-03-26,0.14799976348876953
2025-03-27,0.180999755859375
2025-03-28,0.06699991226196289
2025-03-31,0.05299997329711914
2025-04-01,-0.043999671936035156
2025-04-02,-0.006999969482421875
2025-04-03,-0.13000011444091797
2025-04-04,-0.17000031471252441
2025-04-07,0.005000114440917969
2025-04-08,0.0840001106262207
2025-04-09,0.17199993133544922
2025-04-10,0.19700002670288086
2025-04-11,0.2800002098083496
2025-04-14,0.16899967193603516
2025-04-15,0.1230001449584961
2025-04-16,0.0709996223449707
2025-04-17,0.12800025939941406
2025-04-21,0.19500017166137695
2025-04-22,0.17600011825561523
2025-04-23,0.1789999008178711
2025-04-24,0.10799980163574219
2025-04-25,0.07299995422363281
2025-04-28,0.023000240325927734
2025-04-29,-0.017000198364257812
2025-04-30,-0.013000011444091797
2025-05-01,0.046000003814697266
2025-05-02,0.11399984359741211
2025-05-05,0.13499975204467773
2025-05-06,0.09800004959106445
2025-05-07,0.059999942779541016
2025-05-08,0.15799999237060547
2025-05-09,0.15999984741210938
2025-05-12,0.17699956893920898
2025-05-13,0.21400022506713867
2025-05-14,0.24300003051757812
2025-05-15,0.19700002670288086
2025-05-16,0.20399999618530273
2025-05-19,0.2350001335144043
2025-05-20,0.2329998016357422
2025-05-21,0.36100006103515625
2025-05-22,0.3210000991821289
2025-05-23,0.27899980545043945
2025-05-27,0.23099994659423828
2025-05-28,0.2520003318786621
2025-05-29,0.1939997673034668
2025-05-30,0.18400001525878906
2025-06-02,0.23000001907348633
2025-06-03,0.22499990463256836
2025-06-04,0.125
2025-06-05,0.16200017929077148
2025-06-06,0.2780003547668457
2025-06-09,0.24200010299682617
2025-06-10,0.2239999771118164
2025-06-11,0.16200017929077148
2025-06-12,0.0989999771118164
2025-06-13,0.18400001525878906
2025-06-16,0.20399999618530273
2025-06-17,0.17500019073486328
2025-06-18,0.17399978637695312
2025-06-20,0.17999982833862305
2025-06-23,0.16200017929077148
2025-06-24,0.11100006103515625
2025-06-25,0.10500001907348633
2025-06-26,0.059999942779541016
2025-06-27,0.08599996566772461
2025-06-30,0.039999961853027344
2025-07-01,0.026000022888183594
2025-07-02,0.07000017166137695
2025-07-03,0.10800027847290039
2025-07-07,0.15000009536743164
2025-07-08,0.16499996185302734
2025-07-09,0.0970001220703125
2025-07-10,0.10600042343139648
2025-07-11,0.18599987030029297
2025-07-14,0.19899988174438477
2025-07-15,0.2569999694824219
2025-07-16,0.23000001907348633
2025-07-17,0.22799968719482422
2025-07-18,0.20200014114379883
2025-07-21,0.1490001678466797
2025-07-22,0.10599994659423828
2025-07-23,0.14800024032592773
2025-07-24,0.16300010681152344
2025-07-25,0.14100027084350586
2025-07-28,0.18499994277954102
2025-07-29,0.09999990463256836
2025-07-30,0.14400005340576172
2025-07-31,0.125
2025-08-01,0.037999629974365234
2025-08-04,0.04699993133544922
2025-08-05,0.046000003814697266
2025-08-06,0.08699989318847656
2025-08-07,0.10599994659423828
2025-08-08,0.15199995040893555
2025-08-11,0.12999963760375977
2025-08-12,0.16300010681152344
2025-08-13,0.12799978256225586
2025-08-14,0.1810002326965332
2025-08-15,0.21600008010864258
2025-08-18,0.21799993515014648
2025-08-19,0.1919999122619629
2025-08-20,0.1810002326965332
2025-08-21,0.20200014114379883
2025-08-22,0.17200040817260742
2025-08-25,0.18200016021728516
2025-08-26,0.1700000762939453
2025-08-27,0.17799997329711914
2025-08-28,0.13499975204467773
2025-08-29,0.18400001525878906
2025-09-02,0.24499988555908203
2025-09-03,0.19299983978271484
2025-09-04,0.17800021171569824
2025-09-05,0.17599987983703613
2025-09-08,0.11800003051757812
2025-09-09,0.13099980354309082
2025-09-10,0.10199999809265137
2025-09-11,0.08300018310546875
2025-09-12,0.13299989700317383
2025-09-15,0.13399982452392578
2025-09-16,0.1359999179840088
2025-09-17,0.20800018310546875
2025-09-18,0.2239999771118164
2025-09-19,0.2609999179840088
2025-09-22,0.2950000762939453
2025-09-23,0.27499985694885254
2025-09-24,0.2889997959136963
2025-09-25,0.2890000343322754
2025-09-26,0.3269999027252197
2025-09-29,0.2779998779296875
2025-09-30,0.30299973487854004
2025-10-01,0.2609999179840088
2025-10-02,0.23999977111816406
2025-10-03,0.2609999179840088
2025-10-06,0.3020002841949463
2025-10-07,0.2839999198913574
2025-10-08,0.28600025177001953
2025-10-09,0.2949998378753662
2025-10-10,0.19800019264221191
2025-10-13,0.19800019264221191
2025-10-14,0.16899991035461426
2025-10-15,0.18799996376037598
2025-10-16,0.1230001449584961
2025-10-17,0.17499995231628418
2025-10-20,0.18799996376037598
2025-10-21,0.17799997329711914
2025-10-22,0.16499996185302734
2025-10-23,0.20299983024597168
2025-10-24,0.23399996757507324
2025-10-27,0.27900004386901855
2025-10-28,0.2630000114440918
2025-10-29,0.3280000686645508
2025-10-30,0.3359999656677246
2025-10-31,0.38299989700317383
2025-11-03,0.3229999542236328
2025-11-04,0.29600024223327637
2025-11-05,0.3689999580383301
2025-11-06,0.3299999237060547
2025-11-07,0.3359999656677246
2025-11-10,0.32700014114379883
2025-11-11,0.33699989318847656
2025-11-12,0.2869999408721924
2025-11-13,0.3190000057220459
2025-11-14,0.3599996566772461
2025-11-17,0.36099982261657715
2025-11-18,0.3510000705718994
2025-11-19,0.36099982261657715
2025-11-20,0.33099985122680664
2025-11-21,0.3230001926422119
2025-11-24,0.3080000877380371
2025-11-25,0.26999974250793457
2025-11-26,0.24499988555908203
2025-11-28,0.32000017166137695
2025-12-01,0.4030001163482666
2025-12-02,0.4140000343322754
2025-12-03,0.4220001697540283
2025-12-04,0.495999813079834
2025-12-05,0.5360000133514404
2025-12-08,0.5539999008178711
2025-12-09,0.5539999008178711
2025-12-10,0.5710000991821289
2025-12-11,0.5729997158050537
2025-12-12,0.6689996719360352
2025-12-15,0.6440000534057617
2025-12-16,0.6040000915527344
2025-12-17,0.6080000400543213
2025-12-18,0.5940001010894775
2025-12-19,0.6289999485015869
2025-12-22,0.6410000324249268
2025-12-23,0.6220002174377441
2025-12-24,0.5810000896453857
2025-12-26,0.5930001735687256
2025-12-29,0.5780000686645508
2025-12-30,0.5900001525878906
2025-12-31,0.6160001754760742
2026-01-02,0.6539998054504395
2026-01-05,0.6499998569488525
2026-01-06,0.6589999198913574
2026-01-07,0.622999906539917
2026-01-08,0.6760001182556152
2026-01-09,0.6579999923706055
2026-01-12,0.6539998054504395
2026-01-13,0.6110000610351562
2026-01-14,0.5799999237060547
2026-01-15,0.5949997901916504
2026-01-16,0.6740000247955322
2026-01-20,0.7230000495910645
2026-01-21,0.6649997234344482
2026-01-22,0.6610000133514404
2026-01-23,0.6569998264312744
2026-01-26,0.6379997730255127
2026-01-27,0.6530001163482666
2026-01-28,0.6689999103546143
2026-01-29,0.6470003128051758
2026-01-30,0.6690001487731934
2026-02-02,0.6970000267028809
2026-02-03,0.6840002536773682
2026-02-04,0.6800000667572021
2026-02-05,0.6319999694824219
2026-02-06,0.6159999370574951
2026-02-09,0.6050000190734863
2026-02-10,0.556999921798706
2026-02-11,0.5720000267028809
2026-02-12,0.5060000419616699
2026-02-13,0.4630002975463867
2026-02-17,0.4590001106262207
2026-02-18,0.4760000705718994
2026-02-19,0.4799997806549072
2026-02-20,0.4909999370574951
2026-02-23,0.44099974632263184
2026-02-24,0.44499993324279785
2026-02-25,0.45999979972839355
2026-02-26,0.4290001392364502
2026-02-27,0.3839998245239258
2026-03-02,0.45799994468688965
2026-03-03,0.4610002040863037
2026-03-04,0.4849998950958252
2026-03-05,0.557999849319458
2026-03-06,0.562999963760376
2026-03-09,0.5430002212524414
2026-03-10,0.5410001277923584
2026-03-11,0.6080002784729004
2026-03-12,0.6679997444152832
2026-03-13,0.681999921798706
2026-03-16,0.6149997711181641
2026-03-17,0.5970001220703125
2026-03-18,0.6489999294281006
2026-03-19,0.6690001487731934
2026-03-20,0.7729997634887695
2026-03-23,0.7220001220703125
2026-03-24,0.7720003128051758
2026-03-25,0.7080001831054688
2026-03-26,0.7960000038146973
2026-03-27,0.8329999446868896
2026-03-30,0.7439999580383301
2026-03-31,0.7109999656677246
2026-04-01,0.7139997482299805
2026-04-02,0.7060000896453857
2026-04-06,0.7120001316070557
2026-04-07,0.7279999256134033
2026-04-08,0.6909999847412109
